prepare	START	2026-08-11T15:15:55+08:00
prepare	OK	2026-08-11T15:16:00+08:00
metric_ArSDM	START	2026-08-11T15:16:00+08:00
metric_ArSDM	OK	2026-08-11T15:16:21+08:00
metric_Controlnet	START	2026-08-11T15:16:21+08:00
metric_Controlnet	OK	2026-08-11T15:16:42+08:00
metric_DFMGAN	START	2026-08-11T15:16:42+08:00
metric_DFMGAN	OK	2026-08-11T15:17:01+08:00
metric_Derm-T2IM	START	2026-08-11T15:17:01+08:00
metric_Derm-T2IM	OK	2026-08-11T15:17:22+08:00
metric_DreamBooth	START	2026-08-11T15:17:22+08:00
metric_DreamBooth	OK	2026-08-11T15:17:43+08:00
metric_LesionGen	START	2026-08-11T15:17:43+08:00
metric_LesionGen	OK	2026-08-11T15:18:05+08:00
metric_Siamese	START	2026-08-11T15:18:05+08:00
metric_Siamese	OK	2026-08-11T15:18:24+08:00
metric_T2I-Adapter	START	2026-08-11T15:18:24+08:00
metric_T2I-Adapter	OK	2026-08-11T15:18:46+08:00
metric_flow	START	2026-08-11T15:18:46+08:00
metric_flow	OK	2026-08-11T15:19:05+08:00
mix_cls_ArSDM	START	2026-08-11T15:19:05+08:00
mix_cls_ArSDM	OK	2026-08-11T15:19:06+08:00
mix_cls_Controlnet	START	2026-08-11T15:19:06+08:00
mix_cls_Controlnet	OK	2026-08-11T15:19:06+08:00
mix_cls_DFMGAN	START	2026-08-11T15:19:06+08:00
mix_cls_DFMGAN	OK	2026-08-11T15:19:06+08:00
mix_cls_Derm-T2IM	START	2026-08-11T15:19:06+08:00
mix_cls_Derm-T2IM	OK	2026-08-11T15:19:07+08:00
mix_cls_DreamBooth	START	2026-08-11T15:19:07+08:00
mix_cls_DreamBooth	OK	2026-08-11T15:19:07+08:00
mix_cls_LesionGen	START	2026-08-11T15:19:07+08:00
mix_cls_LesionGen	OK	2026-08-11T15:19:08+08:00
mix_cls_Siamese	START	2026-08-11T15:19:08+08:00
mix_cls_Siamese	OK	2026-08-11T15:19:08+08:00
mix_cls_T2I-Adapter	START	2026-08-11T15:19:08+08:00
mix_cls_T2I-Adapter	OK	2026-08-11T15:19:09+08:00
mix_cls_flow	START	2026-08-11T15:19:09+08:00
mix_cls_flow	OK	2026-08-11T15:19:09+08:00
classifier_baseline_resnet18_42	OK	2026-08-11T16:10:44+08:00
classifier_baseline_resnet18_123	OK	2026-08-11T16:12:39+08:00
classifier_baseline_resnet18_2024	OK	2026-08-11T16:14:40+08:00
classifier_baseline_resnet18_3407	OK	2026-08-11T16:16:38+08:00
classifier_baseline_resnet18_7777	OK	2026-08-11T16:18:39+08:00
classifier_baseline_resnet50_42	OK	2026-08-11T16:22:28+08:00
classifier_baseline_resnet50_123	OK	2026-08-11T16:26:16+08:00
classifier_baseline_resnet50_2024	OK	2026-08-11T16:30:07+08:00
classifier_baseline_resnet50_3407	OK	2026-08-11T16:33:50+08:00
classifier_baseline_resnet50_7777	OK	2026-08-11T16:37:33+08:00
classifier_baseline_efficientnet_b0_42	OK	2026-08-11T16:40:33+08:00
classifier_baseline_efficientnet_b0_123	OK	2026-08-11T16:43:35+08:00
classifier_baseline_efficientnet_b0_2024	OK	2026-08-11T16:46:28+08:00
classifier_baseline_efficientnet_b0_3407	OK	2026-08-11T16:49:14+08:00
classifier_baseline_efficientnet_b0_7777	OK	2026-08-11T16:52:08+08:00
classifier_ArSDM_resnet18_42	OK	2026-08-11T16:55:19+08:00
classifier_ArSDM_resnet18_123	OK	2026-08-11T16:58:37+08:00
classifier_ArSDM_resnet18_2024	OK	2026-08-11T17:01:56+08:00
classifier_ArSDM_resnet18_3407	OK	2026-08-11T17:05:12+08:00
classifier_ArSDM_resnet18_7777	OK	2026-08-11T17:08:24+08:00
classifier_ArSDM_resnet50_42	OK	2026-08-11T17:15:31+08:00
classifier_ArSDM_resnet50_123	OK	2026-08-11T17:22:43+08:00
classifier_ArSDM_resnet50_2024	OK	2026-08-11T17:29:50+08:00
classifier_ArSDM_resnet50_3407	OK	2026-08-11T17:37:09+08:00
classifier_ArSDM_resnet50_7777	OK	2026-08-11T17:44:32+08:00
classifier_ArSDM_efficientnet_b0_42	OK	2026-08-11T17:49:48+08:00
classifier_ArSDM_efficientnet_b0_123	OK	2026-08-11T17:54:56+08:00
classifier_ArSDM_efficientnet_b0_2024	OK	2026-08-11T18:00:12+08:00
classifier_ArSDM_efficientnet_b0_3407	OK	2026-08-11T18:05:31+08:00
classifier_ArSDM_efficientnet_b0_7777	OK	2026-08-11T18:10:36+08:00
classifier_Controlnet_resnet18_42	OK	2026-08-11T18:14:59+08:00
classifier_Controlnet_resnet18_123	OK	2026-08-11T18:19:25+08:00
classifier_Controlnet_resnet18_2024	OK	2026-08-11T18:23:45+08:00
classifier_Controlnet_resnet18_3407	OK	2026-08-11T18:28:03+08:00
classifier_Controlnet_resnet18_7777	OK	2026-08-11T18:32:26+08:00
classifier_Controlnet_resnet50_42	OK	2026-08-11T18:39:58+08:00
classifier_Controlnet_resnet50_123	OK	2026-08-11T18:47:22+08:00
classifier_Controlnet_resnet50_2024	OK	2026-08-11T18:54:53+08:00
classifier_Controlnet_resnet50_3407	OK	2026-08-11T19:02:20+08:00
classifier_Controlnet_resnet50_7777	OK	2026-08-11T19:09:39+08:00
classifier_Controlnet_efficientnet_b0_42	OK	2026-08-11T19:15:17+08:00
classifier_Controlnet_efficientnet_b0_123	OK	2026-08-11T19:20:37+08:00
classifier_Controlnet_efficientnet_b0_2024	OK	2026-08-11T19:26:05+08:00
classifier_Controlnet_efficientnet_b0_3407	OK	2026-08-11T19:31:38+08:00
classifier_Controlnet_efficientnet_b0_7777	OK	2026-08-11T19:37:01+08:00
classifier_DFMGAN_resnet18_42	OK	2026-08-11T19:41:05+08:00
classifier_DFMGAN_resnet18_123	OK	2026-08-11T19:45:01+08:00
classifier_DFMGAN_resnet18_2024	OK	2026-08-11T19:48:53+08:00
classifier_DFMGAN_resnet18_3407	OK	2026-08-11T19:52:55+08:00
classifier_DFMGAN_resnet18_7777	OK	2026-08-11T19:56:50+08:00
classifier_DFMGAN_resnet50_42	OK	2026-08-11T20:04:04+08:00
classifier_DFMGAN_resnet50_123	OK	2026-08-11T20:11:28+08:00
classifier_DFMGAN_resnet50_2024	OK	2026-08-11T20:18:59+08:00
classifier_DFMGAN_resnet50_3407	OK	2026-08-11T20:26:28+08:00
classifier_DFMGAN_resnet50_7777	OK	2026-08-11T20:33:45+08:00
classifier_DFMGAN_efficientnet_b0_42	OK	2026-08-11T20:38:59+08:00
classifier_DFMGAN_efficientnet_b0_123	OK	2026-08-11T20:44:23+08:00
classifier_DFMGAN_efficientnet_b0_2024	OK	2026-08-11T20:49:34+08:00
classifier_DFMGAN_efficientnet_b0_3407	OK	2026-08-11T20:55:05+08:00
classifier_DFMGAN_efficientnet_b0_7777	OK	2026-08-11T21:00:31+08:00
classifier_Derm-T2IM_resnet18_42	OK	2026-08-11T21:05:11+08:00
classifier_Derm-T2IM_resnet18_123	OK	2026-08-11T21:09:59+08:00
classifier_Derm-T2IM_resnet18_2024	OK	2026-08-11T21:14:44+08:00
classifier_Derm-T2IM_resnet18_3407	OK	2026-08-11T21:19:04+08:00
classifier_Derm-T2IM_resnet18_7777	OK	2026-08-11T21:23:08+08:00
classifier_Derm-T2IM_resnet50_42	OK	2026-08-11T21:30:28+08:00
classifier_Derm-T2IM_resnet50_123	OK	2026-08-11T21:37:41+08:00
classifier_Derm-T2IM_resnet50_2024	OK	2026-08-11T21:44:55+08:00
classifier_Derm-T2IM_resnet50_3407	OK	2026-08-11T21:52:15+08:00
classifier_Derm-T2IM_resnet50_7777	OK	2026-08-11T21:59:34+08:00
classifier_Derm-T2IM_efficientnet_b0_42	OK	2026-08-11T22:05:05+08:00
classifier_Derm-T2IM_efficientnet_b0_123	OK	2026-08-11T22:10:28+08:00
classifier_Derm-T2IM_efficientnet_b0_2024	OK	2026-08-11T22:15:37+08:00
classifier_Derm-T2IM_efficientnet_b0_3407	OK	2026-08-11T22:21:05+08:00
classifier_Derm-T2IM_efficientnet_b0_7777	OK	2026-08-11T22:26:21+08:00
classifier_DreamBooth_resnet18_42	OK	2026-08-11T22:29:22+08:00
classifier_DreamBooth_resnet18_123	OK	2026-08-11T22:32:24+08:00
classifier_DreamBooth_resnet18_2024	OK	2026-08-11T22:35:25+08:00
classifier_DreamBooth_resnet18_3407	OK	2026-08-11T22:38:26+08:00
classifier_DreamBooth_resnet18_7777	OK	2026-08-11T22:41:24+08:00
classifier_DreamBooth_resnet50_42	OK	2026-08-11T22:48:18+08:00
classifier_DreamBooth_resnet50_123	OK	2026-08-11T22:55:23+08:00
classifier_DreamBooth_resnet50_2024	OK	2026-08-11T23:02:29+08:00
classifier_DreamBooth_resnet50_3407	OK	2026-08-11T23:09:36+08:00
classifier_DreamBooth_resnet50_7777	OK	2026-08-11T23:16:37+08:00
classifier_DreamBooth_efficientnet_b0_42	OK	2026-08-11T23:21:37+08:00
classifier_DreamBooth_efficientnet_b0_123	OK	2026-08-11T23:26:33+08:00
classifier_DreamBooth_efficientnet_b0_2024	OK	2026-08-11T23:31:34+08:00
classifier_DreamBooth_efficientnet_b0_3407	OK	2026-08-11T23:36:32+08:00
classifier_DreamBooth_efficientnet_b0_7777	OK	2026-08-11T23:41:35+08:00
classifier_LesionGen_resnet18_42	OK	2026-08-11T23:45:42+08:00
classifier_LesionGen_resnet18_123	OK	2026-08-11T23:49:52+08:00
classifier_LesionGen_resnet18_2024	OK	2026-08-11T23:53:58+08:00
classifier_LesionGen_resnet18_3407	OK	2026-08-11T23:58:00+08:00
classifier_LesionGen_resnet18_7777	OK	2026-08-12T00:02:11+08:00
classifier_LesionGen_resnet50_42	OK	2026-08-12T00:09:35+08:00
classifier_LesionGen_resnet50_123	OK	2026-08-12T00:16:51+08:00
classifier_LesionGen_resnet50_2024	OK	2026-08-12T00:24:12+08:00
classifier_LesionGen_resnet50_3407	OK	2026-08-12T00:31:35+08:00
classifier_LesionGen_resnet50_7777	OK	2026-08-12T00:38:50+08:00
classifier_LesionGen_efficientnet_b0_42	OK	2026-08-12T00:44:06+08:00
classifier_LesionGen_efficientnet_b0_123	OK	2026-08-12T00:49:26+08:00
classifier_LesionGen_efficientnet_b0_2024	OK	2026-08-12T00:54:39+08:00
classifier_LesionGen_efficientnet_b0_3407	OK	2026-08-12T00:59:58+08:00
classifier_LesionGen_efficientnet_b0_7777	OK	2026-08-12T01:05:17+08:00
classifier_Siamese_resnet18_42	OK	2026-08-12T01:09:23+08:00
classifier_Siamese_resnet18_123	OK	2026-08-12T01:13:26+08:00
classifier_Siamese_resnet18_2024	OK	2026-08-12T01:17:33+08:00
classifier_Siamese_resnet18_3407	OK	2026-08-12T01:21:37+08:00
classifier_Siamese_resnet18_7777	OK	2026-08-12T01:25:50+08:00
classifier_Siamese_resnet50_42	OK	2026-08-12T01:33:08+08:00
classifier_Siamese_resnet50_123	OK	2026-08-12T01:40:17+08:00
classifier_Siamese_resnet50_2024	OK	2026-08-12T01:47:46+08:00
classifier_Siamese_resnet50_3407	OK	2026-08-12T01:55:05+08:00
classifier_Siamese_resnet50_7777	OK	2026-08-12T02:02:23+08:00
classifier_Siamese_efficientnet_b0_42	OK	2026-08-12T02:07:48+08:00
classifier_Siamese_efficientnet_b0_123	OK	2026-08-12T02:13:01+08:00
classifier_Siamese_efficientnet_b0_2024	OK	2026-08-12T02:18:23+08:00
classifier_Siamese_efficientnet_b0_3407	OK	2026-08-12T02:23:38+08:00
classifier_Siamese_efficientnet_b0_7777	OK	2026-08-12T02:28:59+08:00
classifier_T2I-Adapter_resnet18_42	OK	2026-08-12T02:33:01+08:00
classifier_T2I-Adapter_resnet18_123	OK	2026-08-12T02:37:02+08:00
classifier_T2I-Adapter_resnet18_2024	OK	2026-08-12T02:41:05+08:00
classifier_T2I-Adapter_resnet18_3407	OK	2026-08-12T02:45:15+08:00
classifier_T2I-Adapter_resnet18_7777	OK	2026-08-12T02:49:21+08:00
classifier_T2I-Adapter_resnet50_42	OK	2026-08-12T02:56:40+08:00
classifier_T2I-Adapter_resnet50_123	OK	2026-08-12T03:04:00+08:00
classifier_T2I-Adapter_resnet50_2024	OK	2026-08-12T03:11:14+08:00
classifier_T2I-Adapter_resnet50_3407	OK	2026-08-12T03:18:24+08:00
classifier_T2I-Adapter_resnet50_7777	OK	2026-08-12T03:25:38+08:00
classifier_T2I-Adapter_efficientnet_b0_42	OK	2026-08-12T03:30:57+08:00
classifier_T2I-Adapter_efficientnet_b0_123	OK	2026-08-12T03:36:16+08:00
classifier_T2I-Adapter_efficientnet_b0_2024	OK	2026-08-12T03:41:33+08:00
classifier_T2I-Adapter_efficientnet_b0_3407	OK	2026-08-12T03:46:48+08:00
classifier_T2I-Adapter_efficientnet_b0_7777	OK	2026-08-12T03:52:02+08:00
classifier_flow_resnet18_42	OK	2026-08-12T03:56:26+08:00
classifier_flow_resnet18_123	OK	2026-08-12T04:00:56+08:00
classifier_flow_resnet18_2024	OK	2026-08-12T04:05:31+08:00
classifier_flow_resnet18_3407	OK	2026-08-12T04:09:55+08:00
classifier_flow_resnet18_7777	OK	2026-08-12T04:14:17+08:00
classifier_flow_resnet50_42	OK	2026-08-12T04:21:34+08:00
classifier_flow_resnet50_123	OK	2026-08-12T04:28:58+08:00
classifier_flow_resnet50_2024	OK	2026-08-12T04:36:20+08:00
classifier_flow_resnet50_3407	OK	2026-08-12T04:43:48+08:00
classifier_flow_resnet50_7777	OK	2026-08-12T04:51:11+08:00
classifier_flow_efficientnet_b0_42	OK	2026-08-12T04:56:36+08:00
classifier_flow_efficientnet_b0_123	OK	2026-08-12T05:02:06+08:00
classifier_flow_efficientnet_b0_2024	OK	2026-08-12T05:07:38+08:00
classifier_flow_efficientnet_b0_3407	OK	2026-08-12T05:13:05+08:00
classifier_flow_efficientnet_b0_7777	OK	2026-08-12T05:18:33+08:00
mix_seg_ArSDM	START	2026-08-12T05:18:35+08:00
mix_seg_ArSDM	OK	2026-08-12T05:18:36+08:00
mix_seg_Controlnet	START	2026-08-12T05:18:36+08:00
mix_seg_Controlnet	OK	2026-08-12T05:18:37+08:00
mix_seg_DFMGAN	START	2026-08-12T05:18:37+08:00
mix_seg_DFMGAN	OK	2026-08-12T05:18:38+08:00
mix_seg_Siamese	START	2026-08-12T05:18:38+08:00
mix_seg_Siamese	OK	2026-08-12T05:18:39+08:00
mix_seg_T2I-Adapter	START	2026-08-12T05:18:39+08:00
mix_seg_T2I-Adapter	OK	2026-08-12T05:18:40+08:00
mix_seg_flow	START	2026-08-12T05:18:40+08:00
mix_seg_flow	OK	2026-08-12T05:18:41+08:00
segmentation_ArSDM_unet_42	OK	2026-08-12T05:28:55+08:00
segmentation_ArSDM_unet_123	OK	2026-08-12T05:39:07+08:00
segmentation_ArSDM_unet_2024	OK	2026-08-12T05:49:19+08:00
segmentation_ArSDM_unet_3407	OK	2026-08-12T05:59:32+08:00
segmentation_ArSDM_unet_7777	OK	2026-08-12T06:09:44+08:00
segmentation_ArSDM_segformer_42	OK	2026-08-12T06:22:58+08:00
segmentation_ArSDM_segformer_123	OK	2026-08-12T06:35:57+08:00
segmentation_ArSDM_segformer_2024	OK	2026-08-12T06:49:00+08:00
segmentation_ArSDM_segformer_3407	OK	2026-08-12T07:02:06+08:00
segmentation_ArSDM_segformer_7777	OK	2026-08-12T07:15:12+08:00
segmentation_Controlnet_unet_42	OK	2026-08-12T07:25:27+08:00
segmentation_Controlnet_unet_123	OK	2026-08-12T07:35:52+08:00
segmentation_Controlnet_unet_2024	OK	2026-08-12T07:46:49+08:00
segmentation_Controlnet_unet_3407	OK	2026-08-12T07:57:16+08:00
segmentation_Controlnet_unet_7777	OK	2026-08-12T08:09:16+08:00
segmentation_Controlnet_segformer_42	OK	2026-08-12T08:22:20+08:00
segmentation_Controlnet_segformer_123	OK	2026-08-12T08:35:25+08:00
segmentation_Controlnet_segformer_2024	OK	2026-08-12T08:48:30+08:00
segmentation_Controlnet_segformer_3407	OK	2026-08-12T09:01:58+08:00
segmentation_Controlnet_segformer_7777	OK	2026-08-12T09:15:03+08:00
segmentation_DFMGAN_unet_42	OK	2026-08-12T09:25:24+08:00
segmentation_DFMGAN_unet_123	OK	2026-08-12T09:36:30+08:00
segmentation_DFMGAN_unet_2024	OK	2026-08-12T09:46:53+08:00
segmentation_DFMGAN_unet_3407	OK	2026-08-12T09:57:16+08:00
segmentation_DFMGAN_unet_7777	OK	2026-08-12T10:07:32+08:00
segmentation_DFMGAN_segformer_42	OK	2026-08-12T10:20:46+08:00
segmentation_DFMGAN_segformer_123	OK	2026-08-12T10:33:57+08:00
segmentation_DFMGAN_segformer_2024	OK	2026-08-12T10:47:06+08:00
segmentation_DFMGAN_segformer_3407	OK	2026-08-12T11:00:11+08:00
segmentation_DFMGAN_segformer_7777	OK	2026-08-12T11:13:12+08:00
segmentation_Siamese_unet_42	OK	2026-08-12T11:23:38+08:00
segmentation_Siamese_unet_123	OK	2026-08-12T11:34:03+08:00
segmentation_Siamese_unet_2024	OK	2026-08-12T11:44:17+08:00
segmentation_Siamese_unet_3407	OK	2026-08-12T11:54:31+08:00
segmentation_Siamese_unet_7777	OK	2026-08-12T12:04:47+08:00
segmentation_Siamese_segformer_42	OK	2026-08-12T12:17:53+08:00
segmentation_Siamese_segformer_123	OK	2026-08-12T12:30:50+08:00
segmentation_Siamese_segformer_2024	OK	2026-08-12T12:43:54+08:00
segmentation_Siamese_segformer_3407	OK	2026-08-12T12:57:01+08:00
segmentation_Siamese_segformer_7777	OK	2026-08-12T13:10:04+08:00
segmentation_T2I-Adapter_unet_42	OK	2026-08-12T13:20:41+08:00
segmentation_T2I-Adapter_unet_123	OK	2026-08-12T13:32:23+08:00
segmentation_T2I-Adapter_unet_2024	OK	2026-08-12T13:42:41+08:00
segmentation_T2I-Adapter_unet_3407	OK	2026-08-12T13:53:00+08:00
segmentation_T2I-Adapter_unet_7777	OK	2026-08-12T14:03:20+08:00
segmentation_T2I-Adapter_segformer_42	OK	2026-08-12T14:16:33+08:00
segmentation_T2I-Adapter_segformer_123	OK	2026-08-12T14:29:35+08:00
segmentation_T2I-Adapter_segformer_2024	OK	2026-08-12T14:42:48+08:00
segmentation_T2I-Adapter_segformer_3407	OK	2026-08-12T14:55:53+08:00
segmentation_T2I-Adapter_segformer_7777	OK	2026-08-12T15:09:02+08:00
segmentation_flow_unet_42	OK	2026-08-12T15:19:38+08:00
segmentation_flow_unet_123	OK	2026-08-12T15:30:22+08:00
segmentation_flow_unet_2024	OK	2026-08-12T15:40:59+08:00
segmentation_flow_unet_3407	OK	2026-08-12T15:52:09+08:00
segmentation_flow_unet_7777	OK	2026-08-12T16:03:42+08:00
segmentation_flow_segformer_42	OK	2026-08-12T16:17:07+08:00
segmentation_flow_segformer_123	OK	2026-08-12T16:30:22+08:00
segmentation_flow_segformer_2024	OK	2026-08-12T16:43:35+08:00
segmentation_flow_segformer_3407	OK	2026-08-12T16:56:34+08:00
segmentation_flow_segformer_7777	OK	2026-08-12T17:09:40+08:00
ALL_OK	2026-08-12T17:09:41+08:00
mix_seg_baseline	START	2026-08-13T18:03:25+08:00
mix_seg_baseline	OK	2026-08-13T18:03:26+08:00
segmentation_baseline_unet_42	OK	2026-08-13T18:13:43+08:00
segmentation_baseline_unet_123	OK	2026-08-13T18:23:57+08:00
segmentation_baseline_unet_2024	OK	2026-08-13T18:34:07+08:00
segmentation_baseline_unet_3407	OK	2026-08-13T18:44:19+08:00
segmentation_baseline_unet_7777	OK	2026-08-13T18:54:31+08:00
segmentation_baseline_segformer_42	OK	2026-08-13T19:07:22+08:00
segmentation_baseline_segformer_123	OK	2026-08-13T19:20:27+08:00
segmentation_baseline_segformer_2024	OK	2026-08-13T19:33:24+08:00
segmentation_baseline_segformer_3407	OK	2026-08-13T19:46:33+08:00
segmentation_baseline_segformer_7777	OK	2026-08-13T19:59:27+08:00
ALL_OK	2026-08-13T19:59:29+08:00
