"model","metric","group_1","group_2","n","mean_difference","cohen_dz","p_raw","p_wilcoxon","p_holm"
"segformer","mDice","ArSDM","Controlnet","5","0.003006368319193542","0.25964343691920666","0.5926610715134839","0.625","1.0"
"segformer","mDice","ArSDM","DFMGAN","5","-0.0004340006510416661","-0.03678937899878113","0.9383891661470435","0.8125","1.0"
"segformer","mDice","ArSDM","Siamese","5","-0.012678869088490785","-0.8606868476046161","0.1266060933746487","0.3125","1.0"
"segformer","mDice","ArSDM","T2I-Adapter","5","-0.0005758674939473574","-0.05304116654733887","0.9113069844371104","1.0","1.0"
"segformer","mDice","ArSDM","baseline","5","0.019635028362274175","1.5813239777465662","0.02410112782221938","0.0625","0.314955383655806"
"segformer","mDice","ArSDM","flow","5","-0.012164004007975238","-0.9220510405832081","0.1082352124264252","0.125","0.9741169118378268"
"segformer","mDice","Controlnet","DFMGAN","5","-0.0034403689702352082","-0.7485750710839758","0.16947062972307922","0.3125","1.0"
"segformer","mDice","Controlnet","Siamese","5","-0.01568523740768433","-2.150934901284118","0.008587585444710489","0.0625","0.14598895256007832"
"segformer","mDice","Controlnet","T2I-Adapter","5","-0.0035822358131408993","-0.4053476546638739","0.41599456005513497","0.625","1.0"
"segformer","mDice","Controlnet","baseline","5","0.016628660043080633","4.472769467306378","0.0005616955025812181","0.0625","0.011233910051624362"
"segformer","mDice","Controlnet","flow","5","-0.01517037232716878","-2.014638292227671","0.010782295675367244","0.0625","0.1725167308058759"
"segformer","mDice","DFMGAN","Siamese","5","-0.01224486843744912","-1.2586051420828546","0.048104736037277385","0.125","0.5484304206559253"
"segformer","mDice","DFMGAN","T2I-Adapter","5","-0.0001418668429056913","-0.011492308169100131","0.9807294643587765","1.0","1.0"
"segformer","mDice","DFMGAN","baseline","5","0.020069029013315844","15.284323827896104","4.372719712050891e-06","0.0625","9.18271139530687e-05"
"segformer","mDice","DFMGAN","flow","5","-0.011730003356933572","-1.2812265501941065","0.04570253505466044","0.0625","0.5484304206559253"
"segformer","mDice","Siamese","T2I-Adapter","5","0.012103001594543427","1.615777113680903","0.02249681311827186","0.0625","0.314955383655806"
"segformer","mDice","Siamese","baseline","5","0.03231389745076496","3.607274779384281","0.0012830819181317461","0.0625","0.024378556444503176"
"segformer","mDice","Siamese","flow","5","0.0005148650805155474","0.060093215282828974","0.8995979239528346","1.0","1.0"
"segformer","mDice","T2I-Adapter","baseline","5","0.020210895856221534","1.6971032970030426","0.019188728054842636","0.0625","0.28783092082263956"
"segformer","mDice","T2I-Adapter","flow","5","-0.01158813651402788","-1.2804109221864177","0.045786687728953245","0.125","0.5484304206559253"
"segformer","mDice","baseline","flow","5","-0.03179903237024941","-3.5566105433481288","0.0013540075762592237","0.0625","0.024378556444503176"
"segformer","mIoU","ArSDM","Controlnet","5","0.0053930040995280315","0.36189427190702333","0.46377458585695436","0.625","1.0"
"segformer","mIoU","ArSDM","DFMGAN","5","0.003091060638427745","0.19381593442794454","0.6870824795350834","0.4375","1.0"
"segformer","mIoU","ArSDM","Siamese","5","-0.014956829071044897","-0.7611928213890106","0.1639550532315054","0.3125","1.0"
"segformer","mIoU","ArSDM","T2I-Adapter","5","0.0012354499499003025","0.09067194496146908","0.8492268749598253","1.0","1.0"
"segformer","mIoU","ArSDM","baseline","5","0.025937348683675122","1.66037109870175","0.02060533503365377","0.0625","0.28847469047115276"
"segformer","mIoU","ArSDM","flow","5","-0.014361372788747162","-0.8073910765909872","0.14532573458965","0.1875","1.0"
"segformer","mIoU","Controlnet","DFMGAN","5","-0.0023019434611002863","-0.33475424805560766","0.49575160721024836","0.625","1.0"
"segformer","mIoU","Controlnet","Siamese","5","-0.02034983317057293","-2.0929413229370524","0.009448001118481517","0.0625","0.15116801789570428"
"segformer","mIoU","Controlnet","T2I-Adapter","5","-0.004157554149627729","-0.3874765663396013","0.435136465482496","0.4375","1.0"
"segformer","mIoU","Controlnet","baseline","5","0.02054434458414709","3.9567731709157408","0.0009010248498827341","0.0625","0.01802049699765468"
"segformer","mIoU","Controlnet","flow","5","-0.019754376888275194","-2.157489882626148","0.008496442499263117","0.0625","0.144439522487473"
"segformer","mIoU","DFMGAN","Siamese","5","-0.01804788970947264","-1.3277831641949134","0.04118454674198824","0.125","0.41184546741988237"
"segformer","mIoU","DFMGAN","T2I-Adapter","5","-0.0018556106885274427","-0.11253104690982763","0.8137283975883532","0.8125","1.0"
"segformer","mIoU","DFMGAN","baseline","5","0.022846288045247375","7.375965161150573","7.913462951421481e-05","0.0625","0.001661827219798511"
"segformer","mIoU","DFMGAN","flow","5","-0.017452433427174906","-1.4333657622113536","0.032741207435057075","0.0625","0.3605883744707151"
"segformer","mIoU","Siamese","T2I-Adapter","5","0.0161922790209452","1.5124165951365742","0.027737567266978087","0.0625","0.3605883744707151"
"segformer","mIoU","Siamese","baseline","5","0.04089417775472002","3.8749217091274653","0.0009762155754403595","0.0625","0.018252824369957454"
"segformer","mIoU","Siamese","flow","5","0.000595456282297735","0.0661455763353005","0.889573175401196","1.0","1.0"
"segformer","mIoU","T2I-Adapter","baseline","5","0.02470189873377482","1.7296068530263078","0.01803149575965321","0.0625","0.2704724363947981"
"segformer","mIoU","T2I-Adapter","flow","5","-0.015596822738647464","-1.4758968727147779","0.029927649317222936","0.125","0.3605883744707151"
"segformer","mIoU","baseline","flow","5","-0.040298721472422284","-3.891184107797689","0.0009606749668398661","0.0625","0.018252824369957454"
"unet","mDice","ArSDM","Controlnet","5","0.016326735178629526","1.6350814974189969","0.021653601845467028","0.0625","0.28245132352742547"
"unet","mDice","ArSDM","DFMGAN","5","0.01875159772237143","2.57182172226118","0.004533212594156148","0.0625","0.09066425188312296"
"unet","mDice","ArSDM","Siamese","5","0.0027918739318847363","0.17256529635960197","0.719238877964933","1.0","1.0"
"unet","mDice","ArSDM","T2I-Adapter","5","0.022969658215840606","0.9788894400562689","0.09381104487092927","0.125","0.5628662692255756"
"unet","mDice","ArSDM","baseline","5","0.05967226537068682","1.63906281123141","0.02148442157734268","0.0625","0.28245132352742547"
"unet","mDice","ArSDM","flow","5","-0.006488463560740199","-0.35151314963173647","0.47581212222942265","0.625","1.0"
"unet","mDice","Controlnet","DFMGAN","5","0.002424862543741901","0.26888058334794157","0.5800945895096721","0.8125","1.0"
"unet","mDice","Controlnet","Siamese","5","-0.01353486124674479","-1.19242469888891","0.056018898297914","0.0625","0.424923621947602"
"unet","mDice","Controlnet","T2I-Adapter","5","0.006642923037211079","0.285313188818239","0.5581798170178798","0.625","1.0"
"unet","mDice","Controlnet","baseline","5","0.043345530192057294","1.3568375569133626","0.03862942017705473","0.125","0.424923621947602"
"unet","mDice","Controlnet","flow","5","-0.022815198739369724","-1.7877246547840164","0.016164024565906453","0.0625","0.25862439305450324"
"unet","mDice","DFMGAN","Siamese","5","-0.015959723790486692","-1.2746032427293423","0.04639113540984833","0.125","0.424923621947602"
"unet","mDice","DFMGAN","T2I-Adapter","5","0.004218060493469178","0.23273343078334324","0.6302562403021357","0.8125","1.0"
"unet","mDice","DFMGAN","baseline","5","0.04092066764831539","1.327325657579212","0.041226334687823406","0.125","0.424923621947602"
"unet","mDice","DFMGAN","flow","5","-0.025240061283111626","-1.7360317178967044","0.01781275980675143","0.0625","0.26719139710127143"
"unet","mDice","Siamese","T2I-Adapter","5","0.02017778428395587","1.345841316493159","0.03957401566719501","0.0625","0.424923621947602"
"unet","mDice","Siamese","baseline","5","0.05688039143880208","2.4743993933447244","0.0052145307033035805","0.0625","0.09907608336276803"
"unet","mDice","Siamese","flow","5","-0.009280337492624935","-2.093735229412538","0.009435533501206362","0.0625","0.16983960302171452"
"unet","mDice","T2I-Adapter","baseline","5","0.03670260715484621","1.6711996079837692","0.020175094537673247","0.0625","0.28245132352742547"
"unet","mDice","T2I-Adapter","flow","5","-0.029458121776580803","-1.9513280206091397","0.012030977250100798","0.0625","0.20452661325171356"
"unet","mDice","baseline","flow","5","-0.06616072893142702","-2.760298974806081","0.0034991869218467175","0.0625","0.07348292535878106"
"unet","mIoU","ArSDM","Controlnet","5","0.014636077404022197","1.1480598008291816","0.062166542593935","0.125","0.5207461890216126"
"unet","mIoU","ArSDM","DFMGAN","5","0.02522868124643962","3.1785267621375235","0.0020704303687055763","0.0625","0.043479037742817105"
"unet","mIoU","ArSDM","Siamese","5","-0.0016097849210103376","-0.07469396132188076","0.8754571275732096","0.8125","1.0"
"unet","mIoU","ArSDM","T2I-Adapter","5","0.024201638619105025","0.8514494583817356","0.12965455863259728","0.1875","0.6489481934916425"
"unet","mIoU","ArSDM","baseline","5","0.06956137863794962","1.5946383400358104","0.02346547995327481","0.0625","0.32499332634041245"
"unet","mIoU","ArSDM","flow","5","-0.00983427810668942","-0.44502818002051964","0.3760040946680978","0.4375","1.0"
"unet","mIoU","Controlnet","DFMGAN","5","0.010592603842417425","0.9223323810938301","0.10815803224860708","0.125","0.6489481934916425"
"unet","mIoU","Controlnet","Siamese","5","-0.016245862325032535","-1.0090618827718727","0.08703302952158018","0.1875","0.6092312066510612"
"unet","mIoU","Controlnet","T2I-Adapter","5","0.00956556121508283","0.33030123775136017","0.5011546161900461","0.625","1.0"
"unet","mIoU","Controlnet","baseline","5","0.05492530123392743","1.4089471201297217","0.03449738252494193","0.125","0.34497382524941933"
"unet","mIoU","Controlnet","flow","5","-0.024470355510711618","-1.532052221272785","0.02663868238681024","0.0625","0.32499332634041245"
"unet","mIoU","DFMGAN","Siamese","5","-0.02683846616744996","-1.6000290799266588","0.023213809024315173","0.0625","0.32499332634041245"
"unet","mIoU","DFMGAN","T2I-Adapter","5","-0.0010270426273345957","-0.04534864274080628","0.9241104931420158","1.0","1.0"
"unet","mIoU","DFMGAN","baseline","5","0.04433269739151","1.1785679718407645","0.05786068766906807","0.125","0.5207461890216126"
"unet","mIoU","DFMGAN","flow","5","-0.035062959353129045","-2.043907493378301","0.010258334889028503","0.0625","0.17439169311348454"
"unet","mIoU","Siamese","T2I-Adapter","5","0.025811423540115362","1.588059629843017","0.023777029403325028","0.0625","0.32499332634041245"
"unet","mIoU","Siamese","baseline","5","0.07117116355895996","2.6500212962452694","0.004063955511515137","0.0625","0.07315119920727246"
"unet","mIoU","Siamese","flow","5","-0.008224493185679083","-3.1217451961337788","0.002215241096393688","0.0625","0.04430482192787376"
"unet","mIoU","T2I-Adapter","baseline","5","0.045359740018844595","1.7728732427822786","0.01661820904345588","0.0625","0.2492731356518382"
"unet","mIoU","T2I-Adapter","flow","5","-0.034035916725794445","-2.0136402927833217","0.010800726113752617","0.0625","0.17439169311348454"
"unet","mIoU","baseline","flow","5","-0.07939565674463904","-2.816541328150985","0.0032483499661505807","0.0625","0.061718649356861034"
