model,metric,group_1,group_2,n,mean_difference,cohen_dz,p_raw,p_wilcoxon,p_holm
segformer,mDice,ArSDM,Controlnet,5,0.0012010501435965938,0.3785228817042346,0.44499371137560656,0.625,1.0
segformer,mDice,ArSDM,DFMGAN,5,0.002712941760859211,2.0794232793030223,0.009663392443278943,0.0625,0.18360445642229992
segformer,mDice,ArSDM,Siamese,5,-0.0016735864079688411,-1.0105342988452313,0.08671657793790566,0.0625,0.9538823573169622
segformer,mDice,ArSDM,T2I-Adapter,5,-0.004052842845601501,-2.015439795201194,0.010767521598927908,0.0625,0.18360445642229992
segformer,mDice,ArSDM,baseline,5,0.0008480764617604608,0.22795413865170996,0.6370825613911142,0.8125,1.0
segformer,mDice,ArSDM,flow,5,-0.0014392579882598123,-0.8970756743298608,0.11533424387312355,0.1875,0.9538823573169622
segformer,mDice,Controlnet,DFMGAN,5,0.0015118916172626173,0.4934356641832443,0.33178608481720145,0.3125,1.0
segformer,mDice,Controlnet,Siamese,5,-0.0028746365515654347,-1.0975779923154931,0.07012309056722299,0.125,0.8414770868066759
segformer,mDice,Controlnet,T2I-Adapter,5,-0.0052538929891980946,-1.8522227509538138,0.014356727535185498,0.0625,0.21535091302778248
segformer,mDice,Controlnet,baseline,5,-0.0003529736818361329,-0.22783102965460908,0.6372589801797068,0.8125,1.0
segformer,mDice,Controlnet,flow,5,-0.002640308131856406,-1.3056883590128938,0.043260414176381795,0.125,0.5623853842929634
segformer,mDice,DFMGAN,Siamese,5,-0.004386528168828052,-6.283940808291897,0.00014885354383919496,0.0625,0.003125924420623094
segformer,mDice,DFMGAN,T2I-Adapter,5,-0.006765784606460712,-5.067864621467661,0.0003456963927532269,0.0625,0.0069139278550645385
segformer,mDice,DFMGAN,baseline,5,-0.0018648652990987502,-0.6056820324063379,0.24707908219138464,0.3125,1.0
segformer,mDice,DFMGAN,flow,5,-0.004152199749119023,-2.0577800031348366,0.010020801428593731,0.0625,0.18360445642229992
segformer,mDice,Siamese,T2I-Adapter,5,-0.00237925643763266,-1.4782907782374555,0.029777963575371456,0.0625,0.4168914900552004
segformer,mDice,Siamese,baseline,5,0.002521662869729302,0.9552120946952247,0.09954322010410659,0.125,0.9538823573169622
segformer,mDice,Siamese,flow,5,0.00023432841970902896,0.1355360528743895,0.7769462801554711,1.0,1.0
segformer,mDice,T2I-Adapter,baseline,5,0.0049009193073619615,1.9278477806272047,0.012538128446481991,0.0625,0.20061005514371186
segformer,mDice,T2I-Adapter,flow,5,0.0026135848573416885,1.010485986695232,0.08672694068216337,0.0625,0.9538823573169622
segformer,mDice,baseline,flow,5,-0.002287334450020273,-0.7700142988553427,0.1602113805036411,0.125,1.0
segformer,mIoU,ArSDM,Controlnet,5,0.001380827998326839,0.2619163104935191,0.5895526545317162,0.625,1.0
segformer,mIoU,ArSDM,DFMGAN,5,0.003437745374096313,1.629503327353565,0.021893321257162056,0.0625,0.3502931401145929
segformer,mIoU,ArSDM,Siamese,5,-0.0027587946781442163,-1.095356417536231,0.07049905119905833,0.0625,0.8459886143887
segformer,mIoU,ArSDM,T2I-Adapter,5,-0.006243185366480786,-1.8860365587975425,0.01350673923615758,0.0625,0.256628045486994
segformer,mIoU,ArSDM,baseline,5,0.0009785129019051597,0.1741091989604903,0.7168776615429979,0.8125,1.0
segformer,mIoU,ArSDM,flow,5,-0.003004496846317273,-1.041972332939262,0.08025903948814828,0.125,0.882849434369631
segformer,mIoU,Controlnet,DFMGAN,5,0.002056917375769474,0.4236222027249659,0.3971500205446943,0.625,1.0
segformer,mIoU,Controlnet,Siamese,5,-0.004139622676471055,-0.9803782240112534,0.09346309435860693,0.125,0.9346309435860694
segformer,mIoU,Controlnet,T2I-Adapter,5,-0.007624013364807625,-1.5891972074773848,0.023722806253992965,0.0625,0.35584209380989446
segformer,mIoU,Controlnet,baseline,5,-0.0004023150964216793,-0.20009227254335418,0.6777318598985818,0.8125,1.0
segformer,mIoU,Controlnet,flow,5,-0.004385324844644112,-1.3731672564585615,0.03727497195546,0.0625,0.52184960737644
segformer,mIoU,DFMGAN,Siamese,5,-0.006196540052240529,-4.179088508871023,0.0007301898308079734,0.0625,0.01460379661615947
segformer,mIoU,DFMGAN,T2I-Adapter,5,-0.009680930740577099,-5.344128440253209,0.0002809930345601292,0.0625,0.005900853725762714
segformer,mIoU,DFMGAN,baseline,5,-0.002459232472191153,-0.5516457612120372,0.28491082595418715,0.3125,1.0
segformer,mIoU,DFMGAN,flow,5,-0.006442242220413586,-1.8463560158402208,0.01451069294655437,0.0625,0.26119247303797866
segformer,mIoU,Siamese,T2I-Adapter,5,-0.0034843906883365696,-1.1724315977785364,0.058698508595491646,0.0625,0.7630806117413914
segformer,mIoU,Siamese,baseline,5,0.003737307580049376,0.9260653470716265,0.1071396887983931,0.125,0.9642571991855379
segformer,mIoU,Siamese,flow,5,-0.00024570216817305647,-0.08793552569508634,0.853703575794928,0.8125,1.0
segformer,mIoU,T2I-Adapter,baseline,5,0.007221698268385946,1.792143963868758,0.016031764382066653,0.0625,0.2725399944951331
segformer,mIoU,T2I-Adapter,flow,5,0.003238688520163513,0.7375180725103784,0.17446392255965407,0.0625,1.0
segformer,mIoU,baseline,flow,5,-0.003983009748222433,-0.918261990166477,0.10928059524355396,0.0625,0.9642571991855379
unet,mDice,ArSDM,Controlnet,5,0.010134127218861245,2.010194152297527,0.01086466147236312,0.0625,0.1629699220854468
unet,mDice,ArSDM,DFMGAN,5,0.008926643812951985,0.879344111336108,0.12068370049113737,0.1875,1.0
unet,mDice,ArSDM,Siamese,5,0.016442257806289294,2.70868195126558,0.003750652979103763,0.0625,0.07126240660297149
unet,mDice,ArSDM,T2I-Adapter,5,0.010494854923122188,1.9149883842750708,0.012826827361872245,0.0625,0.17957558306621144
unet,mDice,ArSDM,baseline,5,0.00909317101328826,3.379198977370044,0.0016438951833314748,0.0625,0.032877903666629495
unet,mDice,ArSDM,flow,5,-0.0040897328006334055,-0.7268503413656104,0.17942715862354774,0.1875,1.0
unet,mDice,Controlnet,DFMGAN,5,-0.0012074834059092598,-0.0972436461668309,0.8385041776424611,0.8125,1.0
unet,mDice,Controlnet,Siamese,5,0.006308130587428051,1.8540150327660114,0.01431008437238816,0.0625,0.18603109684104607
unet,mDice,Controlnet,T2I-Adapter,5,0.0003607277042609436,0.06244799635573858,0.8956947924843888,1.0,1.0
unet,mDice,Controlnet,baseline,5,-0.0010409562055729848,-0.181471889644689,0.7056702612344415,1.0,1.0
unet,mDice,Controlnet,flow,5,-0.01422386001949465,-2.365574927035521,0.0061302024677848755,0.0625,0.10421344195234289
unet,mDice,DFMGAN,Siamese,5,0.007515613993337311,0.549681076321324,0.28638618959223805,0.625,1.0
unet,mDice,DFMGAN,T2I-Adapter,5,0.0015682111101702034,0.15790275213101398,0.7418489492209426,0.8125,1.0
unet,mDice,DFMGAN,baseline,5,0.000166527200336275,0.021331736574601936,0.9642425372658877,1.0,1.0
unet,mDice,DFMGAN,flow,5,-0.01301637661358539,-1.8532063909481293,0.01433110618946534,0.0625,0.18603109684104607
unet,mDice,Siamese,T2I-Adapter,5,-0.005947402883167108,-1.2856960372671828,0.045244577043584276,0.0625,0.49769034747942703
unet,mDice,Siamese,baseline,5,-0.007349086793001036,-1.0230451186928773,0.08407925364955907,0.125,0.8407925364955906
unet,mDice,Siamese,flow,5,-0.0205319906069227,-2.4596508484523323,0.005328315466460753,0.0625,0.09590967839629355
unet,mDice,T2I-Adapter,baseline,5,-0.0014016839098339284,-0.2685223638138035,0.5805786277645217,0.625,1.0
unet,mDice,T2I-Adapter,flow,5,-0.014584587723755593,-2.1759075661762073,0.008246582264206716,0.0625,0.13194531622730746
unet,mDice,baseline,flow,5,-0.013182903813921665,-3.746677058466709,0.001110354705927697,0.0625,0.023317448824481637
unet,mIoU,ArSDM,Controlnet,5,0.015559801188382271,2.1308484764282745,0.008874374392283267,0.0625,0.14198999027653228
unet,mIoU,ArSDM,DFMGAN,5,0.012631965077612994,0.9702904650102343,0.09584922107049852,0.125,0.9584922107049852
unet,mIoU,ArSDM,Siamese,5,0.022661276691216113,2.5098962336467867,0.004952636158977278,0.0625,0.08914745086159101
unet,mIoU,ArSDM,T2I-Adapter,5,0.01568483596990917,1.9539782902944707,0.01197530514962305,0.0625,0.17962957724434575
unet,mIoU,ArSDM,baseline,5,0.011818496845970495,3.5114415487292474,0.0014213720014236726,0.0625,0.029848812029897122
unet,mIoU,ArSDM,flow,5,-0.00529080087488345,-0.6503251471312137,0.21957738246392883,0.3125,1.0
unet,mIoU,Controlnet,DFMGAN,5,-0.0029278361107692775,-0.17430631235511396,0.7165764743090983,1.0,1.0
unet,mIoU,Controlnet,Siamese,5,0.007101475502833843,1.442392928383776,0.032118798754306614,0.0625,0.38542558505167934
unet,mIoU,Controlnet,T2I-Adapter,5,0.0001250347815269004,0.013273265421809899,0.9777441413840678,1.0,1.0
unet,mIoU,Controlnet,baseline,5,-0.0037413043424117777,-0.47697890484001654,0.34626819240971995,0.4375,1.0
unet,mIoU,Controlnet,flow,5,-0.020850602063265722,-2.549441726767668,0.004679577171894354,0.0625,0.08891196626599272
unet,mIoU,DFMGAN,Siamese,5,0.01002931161360312,0.5288978613233933,0.3024415180239915,0.625,1.0
unet,mIoU,DFMGAN,T2I-Adapter,5,0.003052870892296178,0.2245659775516164,0.641948467076432,0.8125,1.0
unet,mIoU,DFMGAN,baseline,5,-0.0008134682316425001,-0.08069103457557647,0.8655870515873068,1.0,1.0
unet,mIoU,DFMGAN,flow,5,-0.017922765952496443,-1.8261937490942437,0.015055215047124246,0.0625,0.1957177956126152
unet,mIoU,Siamese,T2I-Adapter,5,-0.0069764407213069425,-0.8989956985002713,0.11477073833361467,0.125,1.0
unet,mIoU,Siamese,baseline,5,-0.01084277984524562,-1.0541460993761729,0.07790544116333555,0.125,0.856959852796691
unet,mIoU,Siamese,flow,5,-0.027952077566099565,-2.346893688953321,0.006306584132903609,0.0625,0.10721193025936135
unet,mIoU,T2I-Adapter,baseline,5,-0.003866339123938678,-0.4897419347447205,0.3349880938733141,0.4375,1.0
unet,mIoU,T2I-Adapter,flow,5,-0.020975636844792624,-1.9523304567830604,0.012009883142761548,0.0625,0.17962957724434575
unet,mIoU,baseline,flow,5,-0.017109297720853945,-3.2065308208403027,0.002003316520580883,0.0625,0.040066330411617654
