"group","model","seed","metric","value"
"ArSDM","efficientnet_b0","42","accuracy","0.74"
"ArSDM","efficientnet_b0","42","balanced_accuracy","0.6457875457875458"
"ArSDM","efficientnet_b0","42","macro_auc_ovr","0.8566679102790213"
"ArSDM","efficientnet_b0","42","macro_f1","0.6575629308962642"
"ArSDM","efficientnet_b0","42","macro_precision","0.7181186511083419"
"ArSDM","efficientnet_b0","42","macro_recall","0.6457875457875458"
"ArSDM","efficientnet_b0","123","accuracy","0.7333333333333333"
"ArSDM","efficientnet_b0","123","balanced_accuracy","0.6442002442002442"
"ArSDM","efficientnet_b0","123","macro_auc_ovr","0.862035341202008"
"ArSDM","efficientnet_b0","123","macro_f1","0.6640569147354503"
"ArSDM","efficientnet_b0","123","macro_precision","0.7228163992869875"
"ArSDM","efficientnet_b0","123","macro_recall","0.6442002442002442"
"ArSDM","efficientnet_b0","2024","accuracy","0.7533333333333333"
"ArSDM","efficientnet_b0","2024","balanced_accuracy","0.657020757020757"
"ArSDM","efficientnet_b0","2024","macro_auc_ovr","0.8661392619725953"
"ArSDM","efficientnet_b0","2024","macro_f1","0.6769272451988205"
"ArSDM","efficientnet_b0","2024","macro_precision","0.7384135472370766"
"ArSDM","efficientnet_b0","2024","macro_recall","0.657020757020757"
"ArSDM","efficientnet_b0","3407","accuracy","0.74"
"ArSDM","efficientnet_b0","3407","balanced_accuracy","0.6484737484737485"
"ArSDM","efficientnet_b0","3407","macro_auc_ovr","0.8626943426943426"
"ArSDM","efficientnet_b0","3407","macro_f1","0.6677306967984933"
"ArSDM","efficientnet_b0","3407","macro_precision","0.7222222222222223"
"ArSDM","efficientnet_b0","3407","macro_recall","0.6484737484737485"
"ArSDM","efficientnet_b0","7777","accuracy","0.74"
"ArSDM","efficientnet_b0","7777","balanced_accuracy","0.648962148962149"
"ArSDM","efficientnet_b0","7777","macro_auc_ovr","0.8729328901551123"
"ArSDM","efficientnet_b0","7777","macro_f1","0.662456271864068"
"ArSDM","efficientnet_b0","7777","macro_precision","0.712719298245614"
"ArSDM","efficientnet_b0","7777","macro_recall","0.648962148962149"
"ArSDM","resnet18","42","accuracy","0.7733333333333333"
"ArSDM","resnet18","42","balanced_accuracy","0.6913308913308912"
"ArSDM","resnet18","42","macro_auc_ovr","0.8694459141681364"
"ArSDM","resnet18","42","macro_f1","0.7126152972896268"
"ArSDM","resnet18","42","macro_precision","0.7850961538461538"
"ArSDM","resnet18","42","macro_recall","0.6913308913308912"
"ArSDM","resnet18","123","accuracy","0.78"
"ArSDM","resnet18","123","balanced_accuracy","0.7481074481074481"
"ArSDM","resnet18","123","macro_auc_ovr","0.9082899199565867"
"ArSDM","resnet18","123","macro_f1","0.7479960899315738"
"ArSDM","resnet18","123","macro_precision","0.7537229437229437"
"ArSDM","resnet18","123","macro_recall","0.7481074481074481"
"ArSDM","resnet18","2024","accuracy","0.7933333333333333"
"ArSDM","resnet18","2024","balanced_accuracy","0.7214896214896216"
"ArSDM","resnet18","2024","macro_auc_ovr","0.8909693393026726"
"ArSDM","resnet18","2024","macro_f1","0.7440568475452197"
"ArSDM","resnet18","2024","macro_precision","0.7988262618721745"
"ArSDM","resnet18","2024","macro_recall","0.7214896214896216"
"ArSDM","resnet18","3407","accuracy","0.7533333333333333"
"ArSDM","resnet18","3407","balanced_accuracy","0.678021978021978"
"ArSDM","resnet18","3407","macro_auc_ovr","0.8938391443947"
"ArSDM","resnet18","3407","macro_f1","0.6962464300285598"
"ArSDM","resnet18","3407","macro_precision","0.7330564721052831"
"ArSDM","resnet18","3407","macro_recall","0.678021978021978"
"ArSDM","resnet18","7777","accuracy","0.78"
"ArSDM","resnet18","7777","balanced_accuracy","0.711965811965812"
"ArSDM","resnet18","7777","macro_auc_ovr","0.88811705783928"
"ArSDM","resnet18","7777","macro_f1","0.7345488387006586"
"ArSDM","resnet18","7777","macro_precision","0.7794378419166194"
"ArSDM","resnet18","7777","macro_recall","0.711965811965812"
"ArSDM","resnet50","42","accuracy","0.7933333333333333"
"ArSDM","resnet50","42","balanced_accuracy","0.7388278388278389"
"ArSDM","resnet50","42","macro_auc_ovr","0.9074753538642427"
"ArSDM","resnet50","42","macro_f1","0.7553350657532091"
"ArSDM","resnet50","42","macro_precision","0.7874124520465985"
"ArSDM","resnet50","42","macro_recall","0.7388278388278389"
"ArSDM","resnet50","123","accuracy","0.7866666666666666"
"ArSDM","resnet50","123","balanced_accuracy","0.7377289377289378"
"ArSDM","resnet50","123","macro_auc_ovr","0.8999834938723827"
"ArSDM","resnet50","123","macro_f1","0.7461555122373836"
"ArSDM","resnet50","123","macro_precision","0.7571903405236737"
"ArSDM","resnet50","123","macro_recall","0.7377289377289378"
"ArSDM","resnet50","2024","accuracy","0.82"
"ArSDM","resnet50","2024","balanced_accuracy","0.7737484737484737"
"ArSDM","resnet50","2024","macro_auc_ovr","0.9099942341609008"
"ArSDM","resnet50","2024","macro_f1","0.7836658593780034"
"ArSDM","resnet50","2024","macro_precision","0.8053669222343922"
"ArSDM","resnet50","2024","macro_recall","0.7737484737484737"
"ArSDM","resnet50","3407","accuracy","0.7866666666666666"
"ArSDM","resnet50","3407","balanced_accuracy","0.7213675213675214"
"ArSDM","resnet50","3407","macro_auc_ovr","0.9084422059422059"
"ArSDM","resnet50","3407","macro_f1","0.7296228275442501"
"ArSDM","resnet50","3407","macro_precision","0.7586472641552201"
"ArSDM","resnet50","3407","macro_recall","0.7213675213675214"
"ArSDM","resnet50","7777","accuracy","0.8"
"ArSDM","resnet50","7777","balanced_accuracy","0.7372405372405373"
"ArSDM","resnet50","7777","macro_auc_ovr","0.9015269298602632"
"ArSDM","resnet50","7777","macro_f1","0.7454114313870411"
"ArSDM","resnet50","7777","macro_precision","0.7801745122270907"
"ArSDM","resnet50","7777","macro_recall","0.7372405372405373"
"Controlnet","efficientnet_b0","42","accuracy","0.74"
"Controlnet","efficientnet_b0","42","balanced_accuracy","0.6772893772893772"
"Controlnet","efficientnet_b0","42","macro_auc_ovr","0.8734702437480215"
"Controlnet","efficientnet_b0","42","macro_f1","0.688963249970647"
"Controlnet","efficientnet_b0","42","macro_precision","0.7252271869465493"
"Controlnet","efficientnet_b0","42","macro_recall","0.6772893772893772"
"Controlnet","efficientnet_b0","123","accuracy","0.76"
"Controlnet","efficientnet_b0","123","balanced_accuracy","0.6937728937728939"
"Controlnet","efficientnet_b0","123","macro_auc_ovr","0.8804662415773526"
"Controlnet","efficientnet_b0","123","macro_f1","0.7033249276174466"
"Controlnet","efficientnet_b0","123","macro_precision","0.7373737373737373"
"Controlnet","efficientnet_b0","123","macro_recall","0.6937728937728939"
"Controlnet","efficientnet_b0","2024","accuracy","0.7466666666666667"
"Controlnet","efficientnet_b0","2024","balanced_accuracy","0.6815628815628815"
"Controlnet","efficientnet_b0","2024","macro_auc_ovr","0.8697434766879212"
"Controlnet","efficientnet_b0","2024","macro_f1","0.6949093112422274"
"Controlnet","efficientnet_b0","2024","macro_precision","0.7392562192835791"
"Controlnet","efficientnet_b0","2024","macro_recall","0.6815628815628815"
"Controlnet","efficientnet_b0","3407","accuracy","0.76"
"Controlnet","efficientnet_b0","3407","balanced_accuracy","0.6905982905982905"
"Controlnet","efficientnet_b0","3407","macro_auc_ovr","0.8770183828517162"
"Controlnet","efficientnet_b0","3407","macro_f1","0.7005793891537065"
"Controlnet","efficientnet_b0","3407","macro_precision","0.7461700336700336"
"Controlnet","efficientnet_b0","3407","macro_recall","0.6905982905982905"
"Controlnet","efficientnet_b0","7777","accuracy","0.7666666666666667"
"Controlnet","efficientnet_b0","7777","balanced_accuracy","0.6843711843711843"
"Controlnet","efficientnet_b0","7777","macro_auc_ovr","0.8789233708678154"
"Controlnet","efficientnet_b0","7777","macro_f1","0.7001617805088302"
"Controlnet","efficientnet_b0","7777","macro_precision","0.7793607984156764"
"Controlnet","efficientnet_b0","7777","macro_recall","0.6843711843711843"
"Controlnet","resnet18","42","accuracy","0.7733333333333333"
"Controlnet","resnet18","42","balanced_accuracy","0.7123321123321124"
"Controlnet","resnet18","42","macro_auc_ovr","0.8963600596933929"
"Controlnet","resnet18","42","macro_f1","0.7256798623063684"
"Controlnet","resnet18","42","macro_precision","0.7566017316017316"
"Controlnet","resnet18","42","macro_recall","0.7123321123321124"
"Controlnet","resnet18","123","accuracy","0.7933333333333333"
"Controlnet","resnet18","123","balanced_accuracy","0.7078144078144079"
"Controlnet","resnet18","123","macro_auc_ovr","0.9038590421923756"
"Controlnet","resnet18","123","macro_f1","0.727936031984008"
"Controlnet","resnet18","123","macro_precision","0.7911184210526315"
"Controlnet","resnet18","123","macro_recall","0.7078144078144079"
"Controlnet","resnet18","2024","accuracy","0.78"
"Controlnet","resnet18","2024","balanced_accuracy","0.7056166056166057"
"Controlnet","resnet18","2024","macro_auc_ovr","0.8948023786912676"
"Controlnet","resnet18","2024","macro_f1","0.7273901808785531"
"Controlnet","resnet18","2024","macro_precision","0.7812824022230518"
"Controlnet","resnet18","2024","macro_recall","0.7056166056166057"
"Controlnet","resnet18","3407","accuracy","0.7533333333333333"
"Controlnet","resnet18","3407","balanced_accuracy","0.6653235653235653"
"Controlnet","resnet18","3407","macro_auc_ovr","0.8979692940804052"
"Controlnet","resnet18","3407","macro_f1","0.6719902846837832"
"Controlnet","resnet18","3407","macro_precision","0.7245799545124377"
"Controlnet","resnet18","3407","macro_recall","0.6653235653235653"
"Controlnet","resnet18","7777","accuracy","0.7266666666666667"
"Controlnet","resnet18","7777","balanced_accuracy","0.6435897435897435"
"Controlnet","resnet18","7777","macro_auc_ovr","0.8563176638176637"
"Controlnet","resnet18","7777","macro_f1","0.6591544030653534"
"Controlnet","resnet18","7777","macro_precision","0.6947270136124626"
"Controlnet","resnet18","7777","macro_recall","0.6435897435897435"
"Controlnet","resnet50","42","accuracy","0.8133333333333334"
"Controlnet","resnet50","42","balanced_accuracy","0.7516483516483516"
"Controlnet","resnet50","42","macro_auc_ovr","0.9053929815040925"
"Controlnet","resnet50","42","macro_f1","0.7713085559427023"
"Controlnet","resnet50","42","macro_precision","0.812037037037037"
"Controlnet","resnet50","42","macro_recall","0.7516483516483516"
"Controlnet","resnet50","123","accuracy","0.8133333333333334"
"Controlnet","resnet50","123","balanced_accuracy","0.7626373626373626"
"Controlnet","resnet50","123","macro_auc_ovr","0.9242527020304797"
"Controlnet","resnet50","123","macro_f1","0.7722638161914648"
"Controlnet","resnet50","123","macro_precision","0.7929292929292929"
"Controlnet","resnet50","123","macro_recall","0.7626373626373626"
"Controlnet","resnet50","2024","accuracy","0.8"
"Controlnet","resnet50","2024","balanced_accuracy","0.7330891330891331"
"Controlnet","resnet50","2024","macro_auc_ovr","0.9109800795911905"
"Controlnet","resnet50","2024","macro_f1","0.7540268709380702"
"Controlnet","resnet50","2024","macro_precision","0.8118021333666022"
"Controlnet","resnet50","2024","macro_recall","0.7330891330891331"
"Controlnet","resnet50","3407","accuracy","0.8133333333333334"
"Controlnet","resnet50","3407","balanced_accuracy","0.7452991452991453"
"Controlnet","resnet50","3407","macro_auc_ovr","0.9123849093293538"
"Controlnet","resnet50","3407","macro_f1","0.761316555409715"
"Controlnet","resnet50","3407","macro_precision","0.8130695587734582"
"Controlnet","resnet50","3407","macro_recall","0.7452991452991453"
"Controlnet","resnet50","7777","accuracy","0.8266666666666667"
"Controlnet","resnet50","7777","balanced_accuracy","0.7711843711843711"
"Controlnet","resnet50","7777","macro_auc_ovr","0.9283066521955411"
"Controlnet","resnet50","7777","macro_f1","0.7841861948031245"
"Controlnet","resnet50","7777","macro_precision","0.812107788851975"
"Controlnet","resnet50","7777","macro_recall","0.7711843711843711"
"DFMGAN","efficientnet_b0","42","accuracy","0.7133333333333334"
"DFMGAN","efficientnet_b0","42","balanced_accuracy","0.6140415140415141"
"DFMGAN","efficientnet_b0","42","macro_auc_ovr","0.8484013928458373"
"DFMGAN","efficientnet_b0","42","macro_f1","0.6383221397431366"
"DFMGAN","efficientnet_b0","42","macro_precision","0.761768629693158"
"DFMGAN","efficientnet_b0","42","macro_recall","0.6140415140415141"
"DFMGAN","efficientnet_b0","123","accuracy","0.72"
"DFMGAN","efficientnet_b0","123","balanced_accuracy","0.6146520146520146"
"DFMGAN","efficientnet_b0","123","macro_auc_ovr","0.8627311988423099"
"DFMGAN","efficientnet_b0","123","macro_f1","0.6398849406081334"
"DFMGAN","efficientnet_b0","123","macro_precision","0.769939538756743"
"DFMGAN","efficientnet_b0","123","macro_recall","0.6146520146520146"
"DFMGAN","efficientnet_b0","2024","accuracy","0.72"
"DFMGAN","efficientnet_b0","2024","balanced_accuracy","0.6288156288156288"
"DFMGAN","efficientnet_b0","2024","macro_auc_ovr","0.8485146746257858"
"DFMGAN","efficientnet_b0","2024","macro_f1","0.6510102897911398"
"DFMGAN","efficientnet_b0","2024","macro_precision","0.7553444533642554"
"DFMGAN","efficientnet_b0","2024","macro_recall","0.6288156288156288"
"DFMGAN","efficientnet_b0","3407","accuracy","0.7"
"DFMGAN","efficientnet_b0","3407","balanced_accuracy","0.5954822954822955"
"DFMGAN","efficientnet_b0","3407","macro_auc_ovr","0.841139375028264"
"DFMGAN","efficientnet_b0","3407","macro_f1","0.6106707302359476"
"DFMGAN","efficientnet_b0","3407","macro_precision","0.7396725566536887"
"DFMGAN","efficientnet_b0","3407","macro_recall","0.5954822954822955"
"DFMGAN","efficientnet_b0","7777","accuracy","0.72"
"DFMGAN","efficientnet_b0","7777","balanced_accuracy","0.621978021978022"
"DFMGAN","efficientnet_b0","7777","macro_auc_ovr","0.842088816533261"
"DFMGAN","efficientnet_b0","7777","macro_f1","0.6432711474571939"
"DFMGAN","efficientnet_b0","7777","macro_precision","0.7342657342657342"
"DFMGAN","efficientnet_b0","7777","macro_recall","0.621978021978022"
"DFMGAN","resnet18","42","accuracy","0.7266666666666667"
"DFMGAN","resnet18","42","balanced_accuracy","0.6545787545787546"
"DFMGAN","resnet18","42","macro_auc_ovr","0.8674040157373492"
"DFMGAN","resnet18","42","macro_f1","0.6582431892438239"
"DFMGAN","resnet18","42","macro_precision","0.6757080610021786"
"DFMGAN","resnet18","42","macro_recall","0.6545787545787546"
"DFMGAN","resnet18","123","accuracy","0.7666666666666667"
"DFMGAN","resnet18","123","balanced_accuracy","0.6943833943833945"
"DFMGAN","resnet18","123","macro_auc_ovr","0.888160132049021"
"DFMGAN","resnet18","123","macro_f1","0.7097258535541183"
"DFMGAN","resnet18","123","macro_precision","0.7730769230769231"
"DFMGAN","resnet18","123","macro_recall","0.6943833943833945"
"DFMGAN","resnet18","2024","accuracy","0.7333333333333333"
"DFMGAN","resnet18","2024","balanced_accuracy","0.662026862026862"
"DFMGAN","resnet18","2024","macro_auc_ovr","0.8705768100212544"
"DFMGAN","resnet18","2024","macro_f1","0.6754123210837228"
"DFMGAN","resnet18","2024","macro_precision","0.7096105648737229"
"DFMGAN","resnet18","2024","macro_recall","0.662026862026862"
"DFMGAN","resnet18","3407","accuracy","0.76"
"DFMGAN","resnet18","3407","balanced_accuracy","0.6769230769230768"
"DFMGAN","resnet18","3407","macro_auc_ovr","0.88287771898883"
"DFMGAN","resnet18","3407","macro_f1","0.6792929292929294"
"DFMGAN","resnet18","3407","macro_precision","0.7271681619507707"
"DFMGAN","resnet18","3407","macro_recall","0.6769230769230768"
"DFMGAN","resnet18","7777","accuracy","0.7666666666666667"
"DFMGAN","resnet18","7777","balanced_accuracy","0.7249084249084249"
"DFMGAN","resnet18","7777","macro_auc_ovr","0.880519943019943"
"DFMGAN","resnet18","7777","macro_f1","0.73270099029659"
"DFMGAN","resnet18","7777","macro_precision","0.7431715605385897"
"DFMGAN","resnet18","7777","macro_recall","0.7249084249084249"
"DFMGAN","resnet50","42","accuracy","0.78"
"DFMGAN","resnet50","42","balanced_accuracy","0.7134310134310134"
"DFMGAN","resnet50","42","macro_auc_ovr","0.9049980780536336"
"DFMGAN","resnet50","42","macro_f1","0.7297820473214355"
"DFMGAN","resnet50","42","macro_precision","0.7735737613786394"
"DFMGAN","resnet50","42","macro_recall","0.7134310134310134"
"DFMGAN","resnet50","123","accuracy","0.8133333333333334"
"DFMGAN","resnet50","123","balanced_accuracy","0.7689865689865689"
"DFMGAN","resnet50","123","macro_auc_ovr","0.9277966580744358"
"DFMGAN","resnet50","123","macro_f1","0.7873749832780925"
"DFMGAN","resnet50","123","macro_precision","0.8166193709671971"
"DFMGAN","resnet50","123","macro_recall","0.7689865689865689"
"DFMGAN","resnet50","2024","accuracy","0.8333333333333334"
"DFMGAN","resnet50","2024","balanced_accuracy","0.7722832722832722"
"DFMGAN","resnet50","2024","macro_auc_ovr","0.9292292995070773"
"DFMGAN","resnet50","2024","macro_f1","0.7880184826993338"
"DFMGAN","resnet50","2024","macro_precision","0.8419270756778473"
"DFMGAN","resnet50","2024","macro_recall","0.7722832722832722"
"DFMGAN","resnet50","3407","accuracy","0.8133333333333334"
"DFMGAN","resnet50","3407","balanced_accuracy","0.7658119658119658"
"DFMGAN","resnet50","3407","macro_auc_ovr","0.9182535160312938"
"DFMGAN","resnet50","3407","macro_f1","0.7819014987689688"
"DFMGAN","resnet50","3407","macro_precision","0.810327836820688"
"DFMGAN","resnet50","3407","macro_recall","0.7658119658119658"
"DFMGAN","resnet50","7777","accuracy","0.8133333333333334"
"DFMGAN","resnet50","7777","balanced_accuracy","0.7589743589743589"
"DFMGAN","resnet50","7777","macro_auc_ovr","0.9261250169583503"
"DFMGAN","resnet50","7777","macro_f1","0.7773374410004966"
"DFMGAN","resnet50","7777","macro_precision","0.8209589777827232"
"DFMGAN","resnet50","7777","macro_recall","0.7589743589743589"
"Derm-T2IM","efficientnet_b0","42","accuracy","0.7466666666666667"
"Derm-T2IM","efficientnet_b0","42","balanced_accuracy","0.671062271062271"
"Derm-T2IM","efficientnet_b0","42","macro_auc_ovr","0.8724884683218016"
"Derm-T2IM","efficientnet_b0","42","macro_f1","0.685196818373559"
"Derm-T2IM","efficientnet_b0","42","macro_precision","0.72966476913346"
"Derm-T2IM","efficientnet_b0","42","macro_recall","0.671062271062271"
"Derm-T2IM","efficientnet_b0","123","accuracy","0.7266666666666667"
"Derm-T2IM","efficientnet_b0","123","balanced_accuracy","0.6545787545787546"
"Derm-T2IM","efficientnet_b0","123","macro_auc_ovr","0.8745827115271559"
"Derm-T2IM","efficientnet_b0","123","macro_f1","0.666073564474862"
"Derm-T2IM","efficientnet_b0","123","macro_precision","0.7011574694501524"
"Derm-T2IM","efficientnet_b0","123","macro_recall","0.6545787545787546"
"Derm-T2IM","efficientnet_b0","2024","accuracy","0.7733333333333333"
"Derm-T2IM","efficientnet_b0","2024","balanced_accuracy","0.6986568986568987"
"Derm-T2IM","efficientnet_b0","2024","macro_auc_ovr","0.8782175643286755"
"Derm-T2IM","efficientnet_b0","2024","macro_f1","0.7157764033504983"
"Derm-T2IM","efficientnet_b0","2024","macro_precision","0.7727729696651805"
"Derm-T2IM","efficientnet_b0","2024","macro_recall","0.6986568986568987"
"Derm-T2IM","efficientnet_b0","3407","accuracy","0.7333333333333333"
"Derm-T2IM","efficientnet_b0","3407","balanced_accuracy","0.6488400488400489"
"Derm-T2IM","efficientnet_b0","3407","macro_auc_ovr","0.8625470311581424"
"Derm-T2IM","efficientnet_b0","3407","macro_f1","0.6563074352548036"
"Derm-T2IM","efficientnet_b0","3407","macro_precision","0.7012800819252432"
"Derm-T2IM","efficientnet_b0","3407","macro_recall","0.6488400488400489"
"Derm-T2IM","efficientnet_b0","7777","accuracy","0.7533333333333333"
"Derm-T2IM","efficientnet_b0","7777","balanced_accuracy","0.6584859584859585"
"Derm-T2IM","efficientnet_b0","7777","macro_auc_ovr","0.8805436847103514"
"Derm-T2IM","efficientnet_b0","7777","macro_f1","0.6663300822336967"
"Derm-T2IM","efficientnet_b0","7777","macro_precision","0.7379375855614226"
"Derm-T2IM","efficientnet_b0","7777","macro_recall","0.6584859584859585"
"Derm-T2IM","resnet18","42","accuracy","0.7533333333333333"
"Derm-T2IM","resnet18","42","balanced_accuracy","0.6811965811965811"
"Derm-T2IM","resnet18","42","macro_auc_ovr","0.881181544792656"
"Derm-T2IM","resnet18","42","macro_f1","0.7001833162693188"
"Derm-T2IM","resnet18","42","macro_precision","0.7374998831983106"
"Derm-T2IM","resnet18","42","macro_recall","0.6811965811965811"
"Derm-T2IM","resnet18","123","accuracy","0.7466666666666667"
"Derm-T2IM","resnet18","123","balanced_accuracy","0.68009768009768"
"Derm-T2IM","resnet18","123","macro_auc_ovr","0.8697606611495501"
"Derm-T2IM","resnet18","123","macro_f1","0.6951232578571701"
"Derm-T2IM","resnet18","123","macro_precision","0.7253042656268462"
"Derm-T2IM","resnet18","123","macro_recall","0.68009768009768"
"Derm-T2IM","resnet18","2024","accuracy","0.8266666666666667"
"Derm-T2IM","resnet18","2024","balanced_accuracy","0.7807081807081806"
"Derm-T2IM","resnet18","2024","macro_auc_ovr","0.9088857233301678"
"Derm-T2IM","resnet18","2024","macro_f1","0.8025828805417751"
"Derm-T2IM","resnet18","2024","macro_precision","0.8426072572414037"
"Derm-T2IM","resnet18","2024","macro_recall","0.7807081807081806"
"Derm-T2IM","resnet18","3407","accuracy","0.76"
"Derm-T2IM","resnet18","3407","balanced_accuracy","0.69010989010989"
"Derm-T2IM","resnet18","3407","macro_auc_ovr","0.884593451815674"
"Derm-T2IM","resnet18","3407","macro_f1","0.700619169823618"
"Derm-T2IM","resnet18","3407","macro_precision","0.7308580439863704"
"Derm-T2IM","resnet18","3407","macro_recall","0.69010989010989"
"Derm-T2IM","resnet18","7777","accuracy","0.7733333333333333"
"Derm-T2IM","resnet18","7777","balanced_accuracy","0.6935286935286936"
"Derm-T2IM","resnet18","7777","macro_auc_ovr","0.8944954325509881"
"Derm-T2IM","resnet18","7777","macro_f1","0.7216396171452351"
"Derm-T2IM","resnet18","7777","macro_precision","0.7888888888888889"
"Derm-T2IM","resnet18","7777","macro_recall","0.6935286935286936"
"Derm-T2IM","resnet50","42","accuracy","0.78"
"Derm-T2IM","resnet50","42","balanced_accuracy","0.7065934065934066"
"Derm-T2IM","resnet50","42","macro_auc_ovr","0.8994178763623207"
"Derm-T2IM","resnet50","42","macro_f1","0.7167664670658683"
"Derm-T2IM","resnet50","42","macro_precision","0.7517057166913451"
"Derm-T2IM","resnet50","42","macro_recall","0.7065934065934066"
"Derm-T2IM","resnet50","123","accuracy","0.8133333333333334"
"Derm-T2IM","resnet50","123","balanced_accuracy","0.7658119658119658"
"Derm-T2IM","resnet50","123","macro_auc_ovr","0.899820015375571"
"Derm-T2IM","resnet50","123","macro_f1","0.7760030241289612"
"Derm-T2IM","resnet50","123","macro_precision","0.7979595148269848"
"Derm-T2IM","resnet50","123","macro_recall","0.7658119658119658"
"Derm-T2IM","resnet50","2024","accuracy","0.8"
"Derm-T2IM","resnet50","2024","balanced_accuracy","0.7062271062271063"
"Derm-T2IM","resnet50","2024","macro_auc_ovr","0.9162773029439695"
"Derm-T2IM","resnet50","2024","macro_f1","0.7216425022122387"
"Derm-T2IM","resnet50","2024","macro_precision","0.8452081793545209"
"Derm-T2IM","resnet50","2024","macro_recall","0.7062271062271063"
"Derm-T2IM","resnet50","3407","accuracy","0.8066666666666666"
"Derm-T2IM","resnet50","3407","balanced_accuracy","0.7446886446886447"
"Derm-T2IM","resnet50","3407","macro_auc_ovr","0.9044004657893548"
"Derm-T2IM","resnet50","3407","macro_f1","0.7543543202873889"
"Derm-T2IM","resnet50","3407","macro_precision","0.7812544045102184"
"Derm-T2IM","resnet50","3407","macro_recall","0.7446886446886447"
"Derm-T2IM","resnet50","7777","accuracy","0.8"
"Derm-T2IM","resnet50","7777","balanced_accuracy","0.7499389499389499"
"Derm-T2IM","resnet50","7777","macro_auc_ovr","0.895873581151359"
"Derm-T2IM","resnet50","7777","macro_f1","0.7604402460386654"
"Derm-T2IM","resnet50","7777","macro_precision","0.7754676583276989"
"Derm-T2IM","resnet50","7777","macro_recall","0.7499389499389499"
"DreamBooth","efficientnet_b0","42","accuracy","0.7"
"DreamBooth","efficientnet_b0","42","balanced_accuracy","0.594993894993895"
"DreamBooth","efficientnet_b0","42","macro_auc_ovr","0.8376962646407091"
"DreamBooth","efficientnet_b0","42","macro_f1","0.6118177054624393"
"DreamBooth","efficientnet_b0","42","macro_precision","0.6878648233486944"
"DreamBooth","efficientnet_b0","42","macro_recall","0.594993894993895"
"DreamBooth","efficientnet_b0","123","accuracy","0.7066666666666667"
"DreamBooth","efficientnet_b0","123","balanced_accuracy","0.5997557997557997"
"DreamBooth","efficientnet_b0","123","macro_auc_ovr","0.8467908017908018"
"DreamBooth","efficientnet_b0","123","macro_f1","0.6129583254417531"
"DreamBooth","efficientnet_b0","123","macro_precision","0.7053985230455818"
"DreamBooth","efficientnet_b0","123","macro_recall","0.5997557997557997"
"DreamBooth","efficientnet_b0","2024","accuracy","0.6933333333333334"
"DreamBooth","efficientnet_b0","2024","balanced_accuracy","0.588034188034188"
"DreamBooth","efficientnet_b0","2024","macro_auc_ovr","0.8302383213494324"
"DreamBooth","efficientnet_b0","2024","macro_f1","0.5963954744442549"
"DreamBooth","efficientnet_b0","2024","macro_precision","0.6728438228438228"
"DreamBooth","efficientnet_b0","2024","macro_recall","0.588034188034188"
"DreamBooth","efficientnet_b0","3407","accuracy","0.7066666666666667"
"DreamBooth","efficientnet_b0","3407","balanced_accuracy","0.5929181929181929"
"DreamBooth","efficientnet_b0","3407","macro_auc_ovr","0.8343208745986525"
"DreamBooth","efficientnet_b0","3407","macro_f1","0.6038672819160623"
"DreamBooth","efficientnet_b0","3407","macro_precision","0.6904825120362504"
"DreamBooth","efficientnet_b0","3407","macro_recall","0.5929181929181929"
"DreamBooth","efficientnet_b0","7777","accuracy","0.7133333333333334"
"DreamBooth","efficientnet_b0","7777","balanced_accuracy","0.6008547008547008"
"DreamBooth","efficientnet_b0","7777","macro_auc_ovr","0.8378445936779272"
"DreamBooth","efficientnet_b0","7777","macro_f1","0.608251397725082"
"DreamBooth","efficientnet_b0","7777","macro_precision","0.6751508295625942"
"DreamBooth","efficientnet_b0","7777","macro_recall","0.6008547008547008"
"DreamBooth","resnet18","42","accuracy","0.68"
"DreamBooth","resnet18","42","balanced_accuracy","0.5931623931623932"
"DreamBooth","resnet18","42","macro_auc_ovr","0.7760022385022385"
"DreamBooth","resnet18","42","macro_f1","0.5984273952481965"
"DreamBooth","resnet18","42","macro_precision","0.6267552182163187"
"DreamBooth","resnet18","42","macro_recall","0.5931623931623932"
"DreamBooth","resnet18","123","accuracy","0.7333333333333333"
"DreamBooth","resnet18","123","balanced_accuracy","0.6478632478632478"
"DreamBooth","resnet18","123","macro_auc_ovr","0.838917944195722"
"DreamBooth","resnet18","123","macro_f1","0.6611405822264143"
"DreamBooth","resnet18","123","macro_precision","0.6970077580379933"
"DreamBooth","resnet18","123","macro_recall","0.6478632478632478"
"DreamBooth","resnet18","2024","accuracy","0.72"
"DreamBooth","resnet18","2024","balanced_accuracy","0.6634920634920635"
"DreamBooth","resnet18","2024","macro_auc_ovr","0.8466552480441369"
"DreamBooth","resnet18","2024","macro_f1","0.6716199038371161"
"DreamBooth","resnet18","2024","macro_precision","0.6851187629523353"
"DreamBooth","resnet18","2024","macro_recall","0.6634920634920635"
"DreamBooth","resnet18","3407","accuracy","0.7666666666666667"
"DreamBooth","resnet18","3407","balanced_accuracy","0.6943833943833945"
"DreamBooth","resnet18","3407","macro_auc_ovr","0.8823166237055126"
"DreamBooth","resnet18","3407","macro_f1","0.7094691535150646"
"DreamBooth","resnet18","3407","macro_precision","0.7508454106280192"
"DreamBooth","resnet18","3407","macro_recall","0.6943833943833945"
"DreamBooth","resnet18","7777","accuracy","0.7466666666666667"
"DreamBooth","resnet18","7777","balanced_accuracy","0.6774114774114773"
"DreamBooth","resnet18","7777","macro_auc_ovr","0.8764332067109845"
"DreamBooth","resnet18","7777","macro_f1","0.692020572741118"
"DreamBooth","resnet18","7777","macro_precision","0.71998721998722"
"DreamBooth","resnet18","7777","macro_recall","0.6774114774114773"
"DreamBooth","resnet50","42","accuracy","0.72"
"DreamBooth","resnet50","42","balanced_accuracy","0.6356532356532356"
"DreamBooth","resnet50","42","macro_auc_ovr","0.8683124180346402"
"DreamBooth","resnet50","42","macro_f1","0.6517462422634837"
"DreamBooth","resnet50","42","macro_precision","0.6967592592592592"
"DreamBooth","resnet50","42","macro_recall","0.6356532356532356"
"DreamBooth","resnet50","123","accuracy","0.7533333333333333"
"DreamBooth","resnet50","123","balanced_accuracy","0.7021978021978023"
"DreamBooth","resnet50","123","macro_auc_ovr","0.8727214760548093"
"DreamBooth","resnet50","123","macro_f1","0.7151515151515152"
"DreamBooth","resnet50","123","macro_precision","0.7353374594753905"
"DreamBooth","resnet50","123","macro_recall","0.7021978021978023"
"DreamBooth","resnet50","2024","accuracy","0.7733333333333333"
"DreamBooth","resnet50","2024","balanced_accuracy","0.7118437118437119"
"DreamBooth","resnet50","2024","macro_auc_ovr","0.8951771582327138"
"DreamBooth","resnet50","2024","macro_f1","0.7249477761967974"
"DreamBooth","resnet50","2024","macro_precision","0.7475000844566062"
"DreamBooth","resnet50","2024","macro_recall","0.7118437118437119"
"DreamBooth","resnet50","3407","accuracy","0.76"
"DreamBooth","resnet50","3407","balanced_accuracy","0.7032967032967034"
"DreamBooth","resnet50","3407","macro_auc_ovr","0.8857913896802786"
"DreamBooth","resnet50","3407","macro_f1","0.713563556616606"
"DreamBooth","resnet50","3407","macro_precision","0.7342494714587738"
"DreamBooth","resnet50","3407","macro_recall","0.7032967032967034"
"DreamBooth","resnet50","7777","accuracy","0.7533333333333333"
"DreamBooth","resnet50","7777","balanced_accuracy","0.6953601953601954"
"DreamBooth","resnet50","7777","macro_auc_ovr","0.8981733595622484"
"DreamBooth","resnet50","7777","macro_f1","0.7042676500138249"
"DreamBooth","resnet50","7777","macro_precision","0.7189024390243902"
"DreamBooth","resnet50","7777","macro_recall","0.6953601953601954"
"LesionGen","efficientnet_b0","42","accuracy","0.7933333333333333"
"LesionGen","efficientnet_b0","42","balanced_accuracy","0.7214896214896216"
"LesionGen","efficientnet_b0","42","macro_auc_ovr","0.8716714150047484"
"LesionGen","efficientnet_b0","42","macro_f1","0.7440568475452197"
"LesionGen","efficientnet_b0","42","macro_precision","0.7988262618721745"
"LesionGen","efficientnet_b0","42","macro_recall","0.7214896214896216"
"LesionGen","efficientnet_b0","123","accuracy","0.7666666666666667"
"LesionGen","efficientnet_b0","123","balanced_accuracy","0.6802197802197801"
"LesionGen","efficientnet_b0","123","macro_auc_ovr","0.8517187853298965"
"LesionGen","efficientnet_b0","123","macro_f1","0.7027714772740564"
"LesionGen","efficientnet_b0","123","macro_precision","0.7701960076960077"
"LesionGen","efficientnet_b0","123","macro_recall","0.6802197802197801"
"LesionGen","efficientnet_b0","2024","accuracy","0.7466666666666667"
"LesionGen","efficientnet_b0","2024","balanced_accuracy","0.6537240537240537"
"LesionGen","efficientnet_b0","2024","macro_auc_ovr","0.8589359200470312"
"LesionGen","efficientnet_b0","2024","macro_f1","0.6708533975387908"
"LesionGen","efficientnet_b0","2024","macro_precision","0.7619298245614035"
"LesionGen","efficientnet_b0","2024","macro_recall","0.6537240537240537"
"LesionGen","efficientnet_b0","3407","accuracy","0.74"
"LesionGen","efficientnet_b0","3407","balanced_accuracy","0.6484737484737485"
"LesionGen","efficientnet_b0","3407","macro_auc_ovr","0.8519966761633428"
"LesionGen","efficientnet_b0","3407","macro_f1","0.6730339034686862"
"LesionGen","efficientnet_b0","3407","macro_precision","0.7489787581699346"
"LesionGen","efficientnet_b0","3407","macro_recall","0.6484737484737485"
"LesionGen","efficientnet_b0","7777","accuracy","0.7733333333333333"
"LesionGen","efficientnet_b0","7777","balanced_accuracy","0.6949938949938949"
"LesionGen","efficientnet_b0","7777","macro_auc_ovr","0.861202460091349"
"LesionGen","efficientnet_b0","7777","macro_f1","0.7160330091364574"
"LesionGen","efficientnet_b0","7777","macro_precision","0.7685185185185185"
"LesionGen","efficientnet_b0","7777","macro_recall","0.6949938949938949"
"LesionGen","resnet18","42","accuracy","0.7466666666666667"
"LesionGen","resnet18","42","balanced_accuracy","0.6432234432234433"
"LesionGen","resnet18","42","macro_auc_ovr","0.8546236376791932"
"LesionGen","resnet18","42","macro_f1","0.6513481865377252"
"LesionGen","resnet18","42","macro_precision","0.7380273617207415"
"LesionGen","resnet18","42","macro_recall","0.6432234432234433"
"LesionGen","resnet18","123","accuracy","0.7533333333333333"
"LesionGen","resnet18","123","balanced_accuracy","0.6711843711843711"
"LesionGen","resnet18","123","macro_auc_ovr","0.8766664405553296"
"LesionGen","resnet18","123","macro_f1","0.6885852013845408"
"LesionGen","resnet18","123","macro_precision","0.7316764132553607"
"LesionGen","resnet18","123","macro_recall","0.6711843711843711"
"LesionGen","resnet18","2024","accuracy","0.7533333333333333"
"LesionGen","resnet18","2024","balanced_accuracy","0.6716727716727716"
"LesionGen","resnet18","2024","macro_auc_ovr","0.8780193777416"
"LesionGen","resnet18","2024","macro_f1","0.6832352694164086"
"LesionGen","resnet18","2024","macro_precision","0.7151860979092101"
"LesionGen","resnet18","2024","macro_recall","0.6716727716727716"
"LesionGen","resnet18","3407","accuracy","0.82"
"LesionGen","resnet18","3407","balanced_accuracy","0.7627594627594627"
"LesionGen","resnet18","3407","macro_auc_ovr","0.8955571383349161"
"LesionGen","resnet18","3407","macro_f1","0.7809708218889856"
"LesionGen","resnet18","3407","macro_precision","0.8130352793274142"
"LesionGen","resnet18","3407","macro_recall","0.7627594627594627"
"LesionGen","resnet18","7777","accuracy","0.7733333333333333"
"LesionGen","resnet18","7777","balanced_accuracy","0.7086691086691087"
"LesionGen","resnet18","7777","macro_auc_ovr","0.8855592863926197"
"LesionGen","resnet18","7777","macro_f1","0.726175274551343"
"LesionGen","resnet18","7777","macro_precision","0.7632478632478632"
"LesionGen","resnet18","7777","macro_recall","0.7086691086691087"
"LesionGen","resnet50","42","accuracy","0.8133333333333334"
"LesionGen","resnet50","42","balanced_accuracy","0.7484737484737485"
"LesionGen","resnet50","42","macro_auc_ovr","0.9096151585040474"
"LesionGen","resnet50","42","macro_f1","0.7678038327610976"
"LesionGen","resnet50","42","macro_precision","0.8079975579975581"
"LesionGen","resnet50","42","macro_recall","0.7484737484737485"
"LesionGen","resnet50","123","accuracy","0.82"
"LesionGen","resnet50","123","balanced_accuracy","0.7595848595848596"
"LesionGen","resnet50","123","macro_auc_ovr","0.9080679916791028"
"LesionGen","resnet50","123","macro_f1","0.7786682574264274"
"LesionGen","resnet50","123","macro_precision","0.814936914936915"
"LesionGen","resnet50","123","macro_recall","0.7595848595848596"
"LesionGen","resnet50","2024","accuracy","0.8133333333333334"
"LesionGen","resnet50","2024","balanced_accuracy","0.7521367521367521"
"LesionGen","resnet50","2024","macro_auc_ovr","0.9038206032650478"
"LesionGen","resnet50","2024","macro_f1","0.7669344042838019"
"LesionGen","resnet50","2024","macro_precision","0.8005050505050506"
"LesionGen","resnet50","2024","macro_recall","0.7521367521367521"
"LesionGen","resnet50","3407","accuracy","0.8133333333333334"
"LesionGen","resnet50","3407","balanced_accuracy","0.7663003663003662"
"LesionGen","resnet50","3407","macro_auc_ovr","0.9147840636729526"
"LesionGen","resnet50","3407","macro_f1","0.7751676428147016"
"LesionGen","resnet50","3407","macro_precision","0.7991926297321793"
"LesionGen","resnet50","3407","macro_recall","0.7663003663003662"
"LesionGen","resnet50","7777","accuracy","0.82"
"LesionGen","resnet50","7777","balanced_accuracy","0.76007326007326"
"LesionGen","resnet50","7777","macro_auc_ovr","0.9037718762718763"
"LesionGen","resnet50","7777","macro_f1","0.7717526942711288"
"LesionGen","resnet50","7777","macro_precision","0.8017970401691333"
"LesionGen","resnet50","7777","macro_recall","0.76007326007326"
"Siamese","efficientnet_b0","42","accuracy","0.74"
"Siamese","efficientnet_b0","42","balanced_accuracy","0.6873015873015874"
"Siamese","efficientnet_b0","42","macro_auc_ovr","0.8607007190340523"
"Siamese","efficientnet_b0","42","macro_f1","0.6976830757318563"
"Siamese","efficientnet_b0","42","macro_precision","0.71802745058559"
"Siamese","efficientnet_b0","42","macro_recall","0.6873015873015874"
"Siamese","efficientnet_b0","123","accuracy","0.7333333333333333"
"Siamese","efficientnet_b0","123","balanced_accuracy","0.6693528693528693"
"Siamese","efficientnet_b0","123","macro_auc_ovr","0.8530185863519196"
"Siamese","efficientnet_b0","123","macro_f1","0.6790284949321094"
"Siamese","efficientnet_b0","123","macro_precision","0.703968253968254"
"Siamese","efficientnet_b0","123","macro_recall","0.6693528693528693"
"Siamese","efficientnet_b0","2024","accuracy","0.7333333333333333"
"Siamese","efficientnet_b0","2024","balanced_accuracy","0.6830280830280829"
"Siamese","efficientnet_b0","2024","macro_auc_ovr","0.8639522000633111"
"Siamese","efficientnet_b0","2024","macro_f1","0.6916263098291826"
"Siamese","efficientnet_b0","2024","macro_precision","0.7055874382273234"
"Siamese","efficientnet_b0","2024","macro_recall","0.6830280830280829"
"Siamese","efficientnet_b0","3407","accuracy","0.7666666666666667"
"Siamese","efficientnet_b0","3407","balanced_accuracy","0.7112332112332113"
"Siamese","efficientnet_b0","3407","macro_auc_ovr","0.8484566770677882"
"Siamese","efficientnet_b0","3407","macro_f1","0.7276981188269085"
"Siamese","efficientnet_b0","3407","macro_precision","0.7594435527019797"
"Siamese","efficientnet_b0","3407","macro_recall","0.7112332112332113"
"Siamese","efficientnet_b0","7777","accuracy","0.74"
"Siamese","efficientnet_b0","7777","balanced_accuracy","0.6909645909645908"
"Siamese","efficientnet_b0","7777","macro_auc_ovr","0.8612815990593768"
"Siamese","efficientnet_b0","7777","macro_f1","0.7015545430179576"
"Siamese","efficientnet_b0","7777","macro_precision","0.7220879895298499"
"Siamese","efficientnet_b0","7777","macro_recall","0.6909645909645908"
"Siamese","resnet18","42","accuracy","0.74"
"Siamese","resnet18","42","balanced_accuracy","0.6699633699633699"
"Siamese","resnet18","42","macro_auc_ovr","0.8699015285126398"
"Siamese","resnet18","42","macro_f1","0.6777233912990931"
"Siamese","resnet18","42","macro_precision","0.6927827752790271"
"Siamese","resnet18","42","macro_recall","0.6699633699633699"
"Siamese","resnet18","123","accuracy","0.7333333333333333"
"Siamese","resnet18","123","balanced_accuracy","0.6688644688644688"
"Siamese","resnet18","123","macro_auc_ovr","0.8694640030751142"
"Siamese","resnet18","123","macro_f1","0.6783375927954242"
"Siamese","resnet18","123","macro_precision","0.6975771168369991"
"Siamese","resnet18","123","macro_recall","0.6688644688644688"
"Siamese","resnet18","2024","accuracy","0.74"
"Siamese","resnet18","2024","balanced_accuracy","0.6799755799755799"
"Siamese","resnet18","2024","macro_auc_ovr","0.865212883823995"
"Siamese","resnet18","2024","macro_f1","0.6920905143986147"
"Siamese","resnet18","2024","macro_precision","0.7130966859227729"
"Siamese","resnet18","2024","macro_recall","0.6799755799755799"
"Siamese","resnet18","3407","accuracy","0.76"
"Siamese","resnet18","3407","balanced_accuracy","0.6832722832722832"
"Siamese","resnet18","3407","macro_auc_ovr","0.8762502826391717"
"Siamese","resnet18","3407","macro_f1","0.6924978826872114"
"Siamese","resnet18","3407","macro_precision","0.7205343983264395"
"Siamese","resnet18","3407","macro_recall","0.6832722832722832"
"Siamese","resnet18","7777","accuracy","0.7333333333333333"
"Siamese","resnet18","7777","balanced_accuracy","0.6656898656898657"
"Siamese","resnet18","7777","macro_auc_ovr","0.8688099760321982"
"Siamese","resnet18","7777","macro_f1","0.6781343059312078"
"Siamese","resnet18","7777","macro_precision","0.7107069842628251"
"Siamese","resnet18","7777","macro_recall","0.6656898656898657"
"Siamese","resnet50","42","accuracy","0.8066666666666666"
"Siamese","resnet50","42","balanced_accuracy","0.7473748473748474"
"Siamese","resnet50","42","macro_auc_ovr","0.9058504047392936"
"Siamese","resnet50","42","macro_f1","0.7681739954364389"
"Siamese","resnet50","42","macro_precision","0.8071782019150441"
"Siamese","resnet50","42","macro_recall","0.7473748473748474"
"Siamese","resnet50","123","accuracy","0.7866666666666666"
"Siamese","resnet50","123","balanced_accuracy","0.7413919413919414"
"Siamese","resnet50","123","macro_auc_ovr","0.8916320716320717"
"Siamese","resnet50","123","macro_f1","0.7458504752447155"
"Siamese","resnet50","123","macro_precision","0.7516166960611406"
"Siamese","resnet50","123","macro_recall","0.7413919413919414"
"Siamese","resnet50","2024","accuracy","0.7933333333333333"
"Siamese","resnet50","2024","balanced_accuracy","0.7461538461538462"
"Siamese","resnet50","2024","macro_auc_ovr","0.8965773526884638"
"Siamese","resnet50","2024","macro_f1","0.7549009378094835"
"Siamese","resnet50","2024","macro_precision","0.7747758711614133"
"Siamese","resnet50","2024","macro_recall","0.7461538461538462"
"Siamese","resnet50","3407","accuracy","0.7866666666666666"
"Siamese","resnet50","3407","balanced_accuracy","0.7208791208791209"
"Siamese","resnet50","3407","macro_auc_ovr","0.9019658119658119"
"Siamese","resnet50","3407","macro_f1","0.7328461294514185"
"Siamese","resnet50","3407","macro_precision","0.7538892267153137"
"Siamese","resnet50","3407","macro_recall","0.7208791208791209"
"Siamese","resnet50","7777","accuracy","0.7933333333333333"
"Siamese","resnet50","7777","balanced_accuracy","0.742979242979243"
"Siamese","resnet50","7777","macro_auc_ovr","0.8934166553610998"
"Siamese","resnet50","7777","macro_f1","0.7465218219935202"
"Siamese","resnet50","7777","macro_precision","0.7580962605117195"
"Siamese","resnet50","7777","macro_recall","0.742979242979243"
"T2I-Adapter","efficientnet_b0","42","accuracy","0.7466666666666667"
"T2I-Adapter","efficientnet_b0","42","balanced_accuracy","0.67008547008547"
"T2I-Adapter","efficientnet_b0","42","macro_auc_ovr","0.8609580337358116"
"T2I-Adapter","efficientnet_b0","42","macro_f1","0.6891517584622329"
"T2I-Adapter","efficientnet_b0","42","macro_precision","0.7299818172883188"
"T2I-Adapter","efficientnet_b0","42","macro_recall","0.67008547008547"
"T2I-Adapter","efficientnet_b0","123","accuracy","0.7333333333333333"
"T2I-Adapter","efficientnet_b0","123","balanced_accuracy","0.6547008547008547"
"T2I-Adapter","efficientnet_b0","123","macro_auc_ovr","0.8653259394926062"
"T2I-Adapter","efficientnet_b0","123","macro_f1","0.6706340687736038"
"T2I-Adapter","efficientnet_b0","123","macro_precision","0.7074862096138692"
"T2I-Adapter","efficientnet_b0","123","macro_recall","0.6547008547008547"
"T2I-Adapter","efficientnet_b0","2024","accuracy","0.7466666666666667"
"T2I-Adapter","efficientnet_b0","2024","balanced_accuracy","0.6874236874236873"
"T2I-Adapter","efficientnet_b0","2024","macro_auc_ovr","0.8725154886265997"
"T2I-Adapter","efficientnet_b0","2024","macro_f1","0.6996362896927178"
"T2I-Adapter","efficientnet_b0","2024","macro_precision","0.7188370188370188"
"T2I-Adapter","efficientnet_b0","2024","macro_recall","0.6874236874236873"
"T2I-Adapter","efficientnet_b0","3407","accuracy","0.7533333333333333"
"T2I-Adapter","efficientnet_b0","3407","balanced_accuracy","0.6811965811965811"
"T2I-Adapter","efficientnet_b0","3407","macro_auc_ovr","0.8626153167819836"
"T2I-Adapter","efficientnet_b0","3407","macro_f1","0.6985315139701105"
"T2I-Adapter","efficientnet_b0","3407","macro_precision","0.7317530140110785"
"T2I-Adapter","efficientnet_b0","3407","macro_recall","0.6811965811965811"
"T2I-Adapter","efficientnet_b0","7777","accuracy","0.7666666666666667"
"T2I-Adapter","efficientnet_b0","7777","balanced_accuracy","0.7043956043956044"
"T2I-Adapter","efficientnet_b0","7777","macro_auc_ovr","0.8644921539365984"
"T2I-Adapter","efficientnet_b0","7777","macro_f1","0.720190545353944"
"T2I-Adapter","efficientnet_b0","7777","macro_precision","0.7512820512820513"
"T2I-Adapter","efficientnet_b0","7777","macro_recall","0.7043956043956044"
"T2I-Adapter","resnet18","42","accuracy","0.7666666666666667"
"T2I-Adapter","resnet18","42","balanced_accuracy","0.6838827838827838"
"T2I-Adapter","resnet18","42","macro_auc_ovr","0.8840463754352644"
"T2I-Adapter","resnet18","42","macro_f1","0.6990608428546227"
"T2I-Adapter","resnet18","42","macro_precision","0.7599261950066308"
"T2I-Adapter","resnet18","42","macro_recall","0.6838827838827838"
"T2I-Adapter","resnet18","123","accuracy","0.76"
"T2I-Adapter","resnet18","123","balanced_accuracy","0.6796092796092795"
"T2I-Adapter","resnet18","123","macro_auc_ovr","0.8900773300773301"
"T2I-Adapter","resnet18","123","macro_f1","0.6932515212132538"
"T2I-Adapter","resnet18","123","macro_precision","0.7438095550310342"
"T2I-Adapter","resnet18","123","macro_recall","0.6796092796092795"
"T2I-Adapter","resnet18","2024","accuracy","0.7466666666666667"
"T2I-Adapter","resnet18","2024","balanced_accuracy","0.681074481074481"
"T2I-Adapter","resnet18","2024","macro_auc_ovr","0.8772482250260026"
"T2I-Adapter","resnet18","2024","macro_f1","0.6951498962858595"
"T2I-Adapter","resnet18","2024","macro_precision","0.7357324662001955"
"T2I-Adapter","resnet18","2024","macro_recall","0.681074481074481"
"T2I-Adapter","resnet18","3407","accuracy","0.7666666666666667"
"T2I-Adapter","resnet18","3407","balanced_accuracy","0.6811965811965811"
"T2I-Adapter","resnet18","3407","macro_auc_ovr","0.8968056120833898"
"T2I-Adapter","resnet18","3407","macro_f1","0.6876558320866767"
"T2I-Adapter","resnet18","3407","macro_precision","0.7504010326590972"
"T2I-Adapter","resnet18","3407","macro_recall","0.6811965811965811"
"T2I-Adapter","resnet18","7777","accuracy","0.7466666666666667"
"T2I-Adapter","resnet18","7777","balanced_accuracy","0.6737484737484737"
"T2I-Adapter","resnet18","7777","macro_auc_ovr","0.8959918373807262"
"T2I-Adapter","resnet18","7777","macro_f1","0.6930740042749438"
"T2I-Adapter","resnet18","7777","macro_precision","0.7474646847986506"
"T2I-Adapter","resnet18","7777","macro_recall","0.6737484737484737"
"T2I-Adapter","resnet50","42","accuracy","0.82"
"T2I-Adapter","resnet50","42","balanced_accuracy","0.7290598290598291"
"T2I-Adapter","resnet50","42","macro_auc_ovr","0.9282029801474246"
"T2I-Adapter","resnet50","42","macro_f1","0.747400109469075"
"T2I-Adapter","resnet50","42","macro_precision","0.8506944444444445"
"T2I-Adapter","resnet50","42","macro_recall","0.7290598290598291"
"T2I-Adapter","resnet50","123","accuracy","0.82"
"T2I-Adapter","resnet50","123","balanced_accuracy","0.7564102564102564"
"T2I-Adapter","resnet50","123","macro_auc_ovr","0.9439939176050288"
"T2I-Adapter","resnet50","123","macro_f1","0.7769583010509168"
"T2I-Adapter","resnet50","123","macro_precision","0.8358058468865582"
"T2I-Adapter","resnet50","123","macro_recall","0.7564102564102564"
"T2I-Adapter","resnet50","2024","accuracy","0.8066666666666666"
"T2I-Adapter","resnet50","2024","balanced_accuracy","0.7415140415140415"
"T2I-Adapter","resnet50","2024","macro_auc_ovr","0.9273252159363271"
"T2I-Adapter","resnet50","2024","macro_f1","0.7501686073518635"
"T2I-Adapter","resnet50","2024","macro_precision","0.7925071067516566"
"T2I-Adapter","resnet50","2024","macro_recall","0.7415140415140415"
"T2I-Adapter","resnet50","3407","accuracy","0.8066666666666666"
"T2I-Adapter","resnet50","3407","balanced_accuracy","0.7378510378510379"
"T2I-Adapter","resnet50","3407","macro_auc_ovr","0.927529959752182"
"T2I-Adapter","resnet50","3407","macro_f1","0.7577818443358005"
"T2I-Adapter","resnet50","3407","macro_precision","0.8129664769133459"
"T2I-Adapter","resnet50","3407","macro_recall","0.7378510378510379"
"T2I-Adapter","resnet50","7777","accuracy","0.82"
"T2I-Adapter","resnet50","7777","balanced_accuracy","0.7564102564102564"
"T2I-Adapter","resnet50","7777","macro_auc_ovr","0.9306138922805589"
"T2I-Adapter","resnet50","7777","macro_f1","0.7779411764705882"
"T2I-Adapter","resnet50","7777","macro_precision","0.8215102974828374"
"T2I-Adapter","resnet50","7777","macro_recall","0.7564102564102564"
"baseline","efficientnet_b0","42","accuracy","0.8066666666666666"
"baseline","efficientnet_b0","42","balanced_accuracy","0.7305250305250306"
"baseline","efficientnet_b0","42","macro_auc_ovr","0.8973645593090037"
"baseline","efficientnet_b0","42","macro_f1","0.7516502667554481"
"baseline","efficientnet_b0","42","macro_precision","0.8165780141843971"
"baseline","efficientnet_b0","42","macro_recall","0.7305250305250306"
"baseline","efficientnet_b0","123","accuracy","0.7933333333333333"
"baseline","efficientnet_b0","123","balanced_accuracy","0.7214896214896216"
"baseline","efficientnet_b0","123","macro_auc_ovr","0.886291774069552"
"baseline","efficientnet_b0","123","macro_f1","0.7434641210031261"
"baseline","efficientnet_b0","123","macro_precision","0.792767571602958"
"baseline","efficientnet_b0","123","macro_recall","0.7214896214896216"
"baseline","efficientnet_b0","2024","accuracy","0.7866666666666666"
"baseline","efficientnet_b0","2024","balanced_accuracy","0.7103785103785104"
"baseline","efficientnet_b0","2024","macro_auc_ovr","0.8859311264866822"
"baseline","efficientnet_b0","2024","macro_f1","0.7356605647793387"
"baseline","efficientnet_b0","2024","macro_precision","0.8158653846153846"
"baseline","efficientnet_b0","2024","macro_recall","0.7103785103785104"
"baseline","efficientnet_b0","3407","accuracy","0.7533333333333333"
"baseline","efficientnet_b0","3407","balanced_accuracy","0.657997557997558"
"baseline","efficientnet_b0","3407","macro_auc_ovr","0.872010582010582"
"baseline","efficientnet_b0","3407","macro_f1","0.6748937360368193"
"baseline","efficientnet_b0","3407","macro_precision","0.781017871017871"
"baseline","efficientnet_b0","3407","macro_recall","0.657997557997558"
"baseline","efficientnet_b0","7777","accuracy","0.7666666666666667"
"baseline","efficientnet_b0","7777","balanced_accuracy","0.6733821733821733"
"baseline","efficientnet_b0","7777","macro_auc_ovr","0.890150929317596"
"baseline","efficientnet_b0","7777","macro_f1","0.692091490386721"
"baseline","efficientnet_b0","7777","macro_precision","0.7774983301299091"
"baseline","efficientnet_b0","7777","macro_recall","0.6733821733821733"
"baseline","resnet18","42","accuracy","0.7866666666666666"
"baseline","resnet18","42","balanced_accuracy","0.7072039072039072"
"baseline","resnet18","42","macro_auc_ovr","0.889300072355628"
"baseline","resnet18","42","macro_f1","0.729076202639421"
"baseline","resnet18","42","macro_precision","0.8021901709401709"
"baseline","resnet18","42","macro_recall","0.7072039072039072"
"baseline","resnet18","123","accuracy","0.7533333333333333"
"baseline","resnet18","123","balanced_accuracy","0.6726495726495726"
"baseline","resnet18","123","macro_auc_ovr","0.8804247501469725"
"baseline","resnet18","123","macro_f1","0.6768405119031238"
"baseline","resnet18","123","macro_precision","0.7178987678987679"
"baseline","resnet18","123","macro_recall","0.6726495726495726"
"baseline","resnet18","2024","accuracy","0.78"
"baseline","resnet18","2024","balanced_accuracy","0.7034188034188035"
"baseline","resnet18","2024","macro_auc_ovr","0.8926670962782074"
"baseline","resnet18","2024","macro_f1","0.7124841510584686"
"baseline","resnet18","2024","macro_precision","0.7572811447811447"
"baseline","resnet18","2024","macro_recall","0.7034188034188035"
"baseline","resnet18","3407","accuracy","0.7733333333333333"
"baseline","resnet18","3407","balanced_accuracy","0.6818070818070817"
"baseline","resnet18","3407","macro_auc_ovr","0.8812442906887351"
"baseline","resnet18","3407","macro_f1","0.6891506426390147"
"baseline","resnet18","3407","macro_precision","0.7429922323539345"
"baseline","resnet18","3407","macro_recall","0.6818070818070817"
"baseline","resnet18","7777","accuracy","0.78"
"baseline","resnet18","7777","balanced_accuracy","0.7134310134310134"
"baseline","resnet18","7777","macro_auc_ovr","0.8896933930267265"
"baseline","resnet18","7777","macro_f1","0.7266633399866933"
"baseline","resnet18","7777","macro_precision","0.7664789168578037"
"baseline","resnet18","7777","macro_recall","0.7134310134310134"
"baseline","resnet50","42","accuracy","0.82"
"baseline","resnet50","42","balanced_accuracy","0.76007326007326"
"baseline","resnet50","42","macro_auc_ovr","0.914048523492968"
"baseline","resnet50","42","macro_f1","0.7726266284478468"
"baseline","resnet50","42","macro_precision","0.8088943288453693"
"baseline","resnet50","42","macro_recall","0.76007326007326"
"baseline","resnet50","123","accuracy","0.84"
"baseline","resnet50","123","balanced_accuracy","0.7934065934065934"
"baseline","resnet50","123","macro_auc_ovr","0.9336380183602406"
"baseline","resnet50","123","macro_f1","0.8066079076612702"
"baseline","resnet50","123","macro_precision","0.8289367921081476"
"baseline","resnet50","123","macro_recall","0.7934065934065934"
"baseline","resnet50","2024","accuracy","0.8333333333333334"
"baseline","resnet50","2024","balanced_accuracy","0.7859584859584859"
"baseline","resnet50","2024","macro_auc_ovr","0.9258093655315878"
"baseline","resnet50","2024","macro_f1","0.7985333444373501"
"baseline","resnet50","2024","macro_precision","0.8228288355511338"
"baseline","resnet50","2024","macro_recall","0.7859584859584859"
"baseline","resnet50","3407","accuracy","0.86"
"baseline","resnet50","3407","balanced_accuracy","0.80989010989011"
"baseline","resnet50","3407","macro_auc_ovr","0.9233734680956903"
"baseline","resnet50","3407","macro_f1","0.8236237959081697"
"baseline","resnet50","3407","macro_precision","0.8497450565850019"
"baseline","resnet50","3407","macro_recall","0.80989010989011"
"baseline","resnet50","7777","accuracy","0.8266666666666667"
"baseline","resnet50","7777","balanced_accuracy","0.7506715506715507"
"baseline","resnet50","7777","macro_auc_ovr","0.9310846560846562"
"baseline","resnet50","7777","macro_f1","0.7673561294436473"
"baseline","resnet50","7777","macro_precision","0.8124798711755233"
"baseline","resnet50","7777","macro_recall","0.7506715506715507"
"flow","efficientnet_b0","42","accuracy","0.76"
"flow","efficientnet_b0","42","balanced_accuracy","0.7142857142857143"
"flow","efficientnet_b0","42","macro_auc_ovr","0.8790539501650613"
"flow","efficientnet_b0","42","macro_f1","0.7219952294914814"
"flow","efficientnet_b0","42","macro_precision","0.7401687558314064"
"flow","efficientnet_b0","42","macro_recall","0.7142857142857143"
"flow","efficientnet_b0","123","accuracy","0.7466666666666667"
"flow","efficientnet_b0","123","balanced_accuracy","0.6815628815628815"
"flow","efficientnet_b0","123","macro_auc_ovr","0.8595345498123276"
"flow","efficientnet_b0","123","macro_f1","0.6944444444444443"
"flow","efficientnet_b0","123","macro_precision","0.7322751322751323"
"flow","efficientnet_b0","123","macro_recall","0.6815628815628815"
"flow","efficientnet_b0","2024","accuracy","0.74"
"flow","efficientnet_b0","2024","balanced_accuracy","0.6694749694749694"
"flow","efficientnet_b0","2024","macro_auc_ovr","0.8647169086057974"
"flow","efficientnet_b0","2024","macro_f1","0.6906299499197931"
"flow","efficientnet_b0","2024","macro_precision","0.7386939571150098"
"flow","efficientnet_b0","2024","macro_recall","0.6694749694749694"
"flow","efficientnet_b0","3407","accuracy","0.76"
"flow","efficientnet_b0","3407","balanced_accuracy","0.7037851037851038"
"flow","efficientnet_b0","3407","macro_auc_ovr","0.8693720888165334"
"flow","efficientnet_b0","3407","macro_f1","0.7191919774908015"
"flow","efficientnet_b0","3407","macro_precision","0.7525623458481775"
"flow","efficientnet_b0","3407","macro_recall","0.7037851037851038"
"flow","efficientnet_b0","7777","accuracy","0.74"
"flow","efficientnet_b0","7777","balanced_accuracy","0.6868131868131869"
"flow","efficientnet_b0","7777","macro_auc_ovr","0.8550612761723873"
"flow","efficientnet_b0","7777","macro_f1","0.7048967735242244"
"flow","efficientnet_b0","7777","macro_precision","0.738949938949939"
"flow","efficientnet_b0","7777","macro_recall","0.6868131868131869"
"flow","resnet18","42","accuracy","0.7866666666666666"
"flow","resnet18","42","balanced_accuracy","0.7167277167277168"
"flow","resnet18","42","macro_auc_ovr","0.87488196988197"
"flow","resnet18","42","macro_f1","0.7424385846292539"
"flow","resnet18","42","macro_precision","0.7945977633477633"
"flow","resnet18","42","macro_recall","0.7167277167277168"
"flow","resnet18","123","accuracy","0.7933333333333333"
"flow","resnet18","123","balanced_accuracy","0.7114774114774115"
"flow","resnet18","123","macro_auc_ovr","0.8801804368471036"
"flow","resnet18","123","macro_f1","0.7362673558325733"
"flow","resnet18","123","macro_precision","0.8072562358276644"
"flow","resnet18","123","macro_recall","0.7114774114774115"
"flow","resnet18","2024","accuracy","0.76"
"flow","resnet18","2024","balanced_accuracy","0.7133089133089133"
"flow","resnet18","2024","macro_auc_ovr","0.8868848641070862"
"flow","resnet18","2024","macro_f1","0.7247386759581881"
"flow","resnet18","2024","macro_precision","0.7407965351661803"
"flow","resnet18","2024","macro_recall","0.7133089133089133"
"flow","resnet18","3407","accuracy","0.76"
"flow","resnet18","3407","balanced_accuracy","0.69010989010989"
"flow","resnet18","3407","macro_auc_ovr","0.8808247411025188"
"flow","resnet18","3407","macro_f1","0.700619169823618"
"flow","resnet18","3407","macro_precision","0.7308580439863704"
"flow","resnet18","3407","macro_recall","0.69010989010989"
"flow","resnet18","7777","accuracy","0.7866666666666666"
"flow","resnet18","7777","balanced_accuracy","0.7098901098901099"
"flow","resnet18","7777","macro_auc_ovr","0.8951899335232669"
"flow","resnet18","7777","macro_f1","0.7379053694843168"
"flow","resnet18","7777","macro_precision","0.8050775865901917"
"flow","resnet18","7777","macro_recall","0.7098901098901099"
"flow","resnet50","42","accuracy","0.8"
"flow","resnet50","42","balanced_accuracy","0.7267399267399268"
"flow","resnet50","42","macro_auc_ovr","0.9145499253832586"
"flow","resnet50","42","macro_f1","0.7408712138586915"
"flow","resnet50","42","macro_precision","0.8031302031302031"
"flow","resnet50","42","macro_recall","0.7267399267399268"
"flow","resnet50","123","accuracy","0.82"
"flow","resnet50","123","balanced_accuracy","0.7874236874236874"
"flow","resnet50","123","macro_auc_ovr","0.9228393931171709"
"flow","resnet50","123","macro_f1","0.7880588626378522"
"flow","resnet50","123","macro_precision","0.7895160395160395"
"flow","resnet50","123","macro_recall","0.7874236874236874"
"flow","resnet50","2024","accuracy","0.84"
"flow","resnet50","2024","balanced_accuracy","0.7902319902319902"
"flow","resnet50","2024","macro_auc_ovr","0.9319384524940082"
"flow","resnet50","2024","macro_f1","0.801965799245577"
"flow","resnet50","2024","macro_precision","0.8223805464214671"
"flow","resnet50","2024","macro_recall","0.7902319902319902"
"flow","resnet50","3407","accuracy","0.8066666666666666"
"flow","resnet50","3407","balanced_accuracy","0.752014652014652"
"flow","resnet50","3407","macro_auc_ovr","0.9168014290236511"
"flow","resnet50","3407","macro_f1","0.7543631211555741"
"flow","resnet50","3407","macro_precision","0.7757873519778281"
"flow","resnet50","3407","macro_recall","0.752014652014652"
"flow","resnet50","7777","accuracy","0.84"
"flow","resnet50","7777","balanced_accuracy","0.7833943833943833"
"flow","resnet50","7777","macro_auc_ovr","0.9387433862433863"
"flow","resnet50","7777","macro_f1","0.7984789067142009"
"flow","resnet50","7777","macro_precision","0.8331818586830616"
"flow","resnet50","7777","macro_recall","0.7833943833943833"
