"model","metric","group","n","mean","std","ci95_low","ci95_high"
"efficientnet_b0","accuracy","ArSDM","5","0.7413333333333334","0.0073029674334022165","0.7322655015912233","0.7504011650754435"
"efficientnet_b0","accuracy","Controlnet","5","0.7546666666666667","0.010954451150103335","0.7410649190535016","0.7682684142798318"
"efficientnet_b0","accuracy","DFMGAN","5","0.7146666666666667","0.008692269873603537","0.703873788101942","0.7254595452313913"
"efficientnet_b0","accuracy","Derm-T2IM","5","0.7466666666666667","0.018257418583505533","0.7239970873113915","0.769336246021942"
"efficientnet_b0","accuracy","DreamBooth","5","0.704","0.00760116950066093","0.6945619014867848","0.7134380985132152"
"efficientnet_b0","accuracy","LesionGen","5","0.764","0.02139574204784161","0.7374336773843405","0.7905663226156595"
"efficientnet_b0","accuracy","Siamese","5","0.7426666666666668","0.013824294235551855","0.7255015382138063","0.7598317951195274"
"efficientnet_b0","accuracy","T2I-Adapter","5","0.7493333333333333","0.012110601416389996","0.7342960355580063","0.7643706311086603"
"efficientnet_b0","accuracy","baseline","5","0.7813333333333333","0.021291625896895074","0.7548962879939357","0.8077703786727309"
"efficientnet_b0","accuracy","flow","5","0.7493333333333334","0.010110500592068741","0.7367794887443437","0.7618871779223231"
"efficientnet_b0","balanced_accuracy","ArSDM","5","0.6488888888888888","0.0049473908771521516","0.6427458917516873","0.6550318860260904"
"efficientnet_b0","balanced_accuracy","Controlnet","5","0.6855189255189253","0.006682458363765203","0.6772215575491425","0.6938162934887082"
"efficientnet_b0","balanced_accuracy","DFMGAN","5","0.614993894993895","0.012465399940605032","0.5995160566644344","0.6304717333233556"
"efficientnet_b0","balanced_accuracy","Derm-T2IM","5","0.6663247863247863","0.019830165014883175","0.641702384347366","0.6909471883022066"
"efficientnet_b0","balanced_accuracy","DreamBooth","5","0.5953113553113554","0.005226541330214566","0.5888217471065039","0.6018009635162068"
"efficientnet_b0","balanced_accuracy","LesionGen","5","0.6797802197802197","0.03012616077868568","0.6423736505372274","0.7171867890232121"
"efficientnet_b0","balanced_accuracy","Siamese","5","0.6883760683760684","0.015172236047473817","0.6695372491036707","0.707214887648466"
"efficientnet_b0","balanced_accuracy","T2I-Adapter","5","0.6795604395604395","0.01863509487998855","0.6564219131448464","0.7026989659760327"
"efficientnet_b0","balanced_accuracy","baseline","5","0.6987545787545788","0.03148909833430674","0.659655699016972","0.7378534584921856"
"efficientnet_b0","balanced_accuracy","flow","5","0.6911843711843713","0.017856574091106022","0.6690125060041867","0.7133562363645558"
"efficientnet_b0","macro_auc_ovr","ArSDM","5","0.8640939492606158","0.005992766490980365","0.8566529468591235","0.871534951662108"
"efficientnet_b0","macro_auc_ovr","Controlnet","5","0.8759243431465654","0.004331444491806008","0.8705461444608719","0.881302541832259"
"efficientnet_b0","macro_auc_ovr","DFMGAN","5","0.8485750915750916","0.008628308624816615","0.8378616313902657","0.8592885517599175"
"efficientnet_b0","macro_auc_ovr","Derm-T2IM","5","0.8736758920092254","0.00696198973960071","0.8650314399936991","0.8823203440247516"
"efficientnet_b0","macro_auc_ovr","DreamBooth","5","0.8373781712115045","0.006108208951916607","0.8297938280624036","0.8449625143606053"
"efficientnet_b0","macro_auc_ovr","LesionGen","5","0.8591050513272738","0.008176599963360868","0.8489524615250543","0.8692576411294932"
"efficientnet_b0","macro_auc_ovr","Siamese","5","0.8574819563152897","0.006481494995494793","0.8494341173248459","0.8655297953057335"
"efficientnet_b0","macro_auc_ovr","T2I-Adapter","5","0.8651813865147199","0.004435831755883478","0.8596735739213504","0.8706891991080894"
"efficientnet_b0","macro_auc_ovr","baseline","5","0.8863497942386832","0.009240743122060214","0.8748758961873719","0.8978236922899945"
"efficientnet_b0","macro_auc_ovr","flow","5","0.8655477547144214","0.009271704502662728","0.8540354130314813","0.8770600963973614"
"efficientnet_b0","macro_f1","ArSDM","5","0.6657468118986192","0.0072387361203109495","0.6567587338655319","0.6747348899317065"
"efficientnet_b0","macro_f1","Controlnet","5","0.6975877316985716","0.00570190274895764","0.6905078843339318","0.7046675790632113"
"efficientnet_b0","macro_f1","DFMGAN","5","0.6366318495671103","0.015315345399928812","0.617615336563963","0.6556483625702576"
"efficientnet_b0","macro_f1","Derm-T2IM","5","0.6779368607374839","0.023599921197968395","0.6486336882255207","0.7072400332494472"
"efficientnet_b0","macro_f1","DreamBooth","5","0.6066580369979183","0.00674468523433299","0.5982834041632306","0.6150326698326061"
"efficientnet_b0","macro_f1","LesionGen","5","0.7013497269926421","0.030713719516966834","0.663213607217496","0.7394858467677882"
"efficientnet_b0","macro_f1","Siamese","5","0.6995181084676029","0.017914603981479486","0.6772741896617219","0.7217620272734838"
"efficientnet_b0","macro_f1","T2I-Adapter","5","0.6956288352505218","0.01798925869107062","0.6732922203794451","0.7179654501215984"
"efficientnet_b0","macro_f1","baseline","5","0.7195520357922907","0.03394854285253603","0.6773993523408188","0.7617047192437625"
"efficientnet_b0","macro_f1","flow","5","0.706231674974149","0.014147382111694657","0.6886653799372258","0.7237979700110722"
"efficientnet_b0","macro_precision","ArSDM","5","0.7228580236200484","0.009586914193647282","0.7109542974119278","0.7347617498281689"
"efficientnet_b0","macro_precision","Controlnet","5","0.7454775951379151","0.02038999752073753","0.7201600692929513","0.770795120982879"
"efficientnet_b0","macro_precision","DFMGAN","5","0.7521981825467159","0.014955870119900816","0.7336280170570236","0.7707683480364081"
"efficientnet_b0","macro_precision","Derm-T2IM","5","0.7285625751470917","0.029744910867062956","0.6916293901936796","0.7654957601005037"
"efficientnet_b0","macro_precision","DreamBooth","5","0.6863481021673887","0.013134466087139106","0.6700395084913598","0.7026566958434176"
"efficientnet_b0","macro_precision","LesionGen","5","0.7696898741636078","0.01830113404570791","0.746966014892751","0.7924137334344645"
"efficientnet_b0","macro_precision","Siamese","5","0.7218229370025994","0.022428596825945748","0.6939741557935952","0.7496717182116035"
"efficientnet_b0","macro_precision","T2I-Adapter","5","0.7278680222064673","0.016315294626063515","0.7076099082491969","0.7481261361637377"
"efficientnet_b0","macro_precision","baseline","5","0.7967454343101039","0.018658338499836946","0.7735780471285572","0.8199128214916507"
"efficientnet_b0","macro_precision","flow","5","0.740530026003933","0.007397944503519565","0.7313442646532033","0.7497157873546627"
"efficientnet_b0","macro_recall","ArSDM","5","0.6488888888888888","0.0049473908771521516","0.6427458917516873","0.6550318860260904"
"efficientnet_b0","macro_recall","Controlnet","5","0.6855189255189253","0.006682458363765203","0.6772215575491425","0.6938162934887082"
"efficientnet_b0","macro_recall","DFMGAN","5","0.614993894993895","0.012465399940605032","0.5995160566644344","0.6304717333233556"
"efficientnet_b0","macro_recall","Derm-T2IM","5","0.6663247863247863","0.019830165014883175","0.641702384347366","0.6909471883022066"
"efficientnet_b0","macro_recall","DreamBooth","5","0.5953113553113554","0.005226541330214566","0.5888217471065039","0.6018009635162068"
"efficientnet_b0","macro_recall","LesionGen","5","0.6797802197802197","0.03012616077868568","0.6423736505372274","0.7171867890232121"
"efficientnet_b0","macro_recall","Siamese","5","0.6883760683760684","0.015172236047473817","0.6695372491036707","0.707214887648466"
"efficientnet_b0","macro_recall","T2I-Adapter","5","0.6795604395604395","0.01863509487998855","0.6564219131448464","0.7026989659760327"
"efficientnet_b0","macro_recall","baseline","5","0.6987545787545788","0.03148909833430674","0.659655699016972","0.7378534584921856"
"efficientnet_b0","macro_recall","flow","5","0.6911843711843713","0.017856574091106022","0.6690125060041867","0.7133562363645558"
"resnet18","accuracy","ArSDM","5","0.776","0.014605934866804447","0.7578643365157798","0.7941356634842203"
"resnet18","accuracy","Controlnet","5","0.7653333333333333","0.025991451586157236","0.7330606836377457","0.7976059830289209"
"resnet18","accuracy","DFMGAN","5","0.7506666666666666","0.019206480387850607","0.7268186714368657","0.7745146618964674"
"resnet18","accuracy","Derm-T2IM","5","0.772","0.03211091887677945","0.7321290280814613","0.8118709719185387"
"resnet18","accuracy","DreamBooth","5","0.7293333333333333","0.03252349578040125","0.6889500795270769","0.7697165871395897"
"resnet18","accuracy","LesionGen","5","0.7693333333333333","0.03003701420285014","0.732037454184119","0.8066292124825476"
"resnet18","accuracy","Siamese","5","0.7413333333333334","0.010954451150103345","0.7277315857201683","0.7549350809464985"
"resnet18","accuracy","T2I-Adapter","5","0.7573333333333333","0.010110500592068741","0.7447794887443436","0.769887177922323"
"resnet18","accuracy","baseline","5","0.7746666666666666","0.012823589374447573","0.7587440774126667","0.7905892559206665"
"resnet18","accuracy","flow","5","0.7773333333333332","0.01605545943838971","0.7573978473740638","0.7972688192926026"
"resnet18","balanced_accuracy","ArSDM","5","0.7101831501831501","0.027198415432242877","0.6764118569327444","0.7439544434335559"
"resnet18","balanced_accuracy","Controlnet","5","0.6869352869352869","0.030723894347631564","0.6487865334392167","0.7250840404313572"
"resnet18","balanced_accuracy","DFMGAN","5","0.6825641025641025","0.028149229185439793","0.6476122181073551","0.7175159870208498"
"resnet18","balanced_accuracy","Derm-T2IM","5","0.7051282051282051","0.0426370759178988","0.6521872829722694","0.7580691272841408"
"resnet18","balanced_accuracy","DreamBooth","5","0.6552625152625152","0.038729573630576525","0.6071733980196464","0.703351632505384"
"resnet18","balanced_accuracy","LesionGen","5","0.6915018315018314","0.046122551425526875","0.6342331198914529","0.7487705431122099"
"resnet18","balanced_accuracy","Siamese","5","0.6735531135531134","0.007622510249141451","0.6640885170008153","0.6830177101054116"
"resnet18","balanced_accuracy","T2I-Adapter","5","0.6799023199023198","0.003769909239944251","0.6752213593225852","0.6845832804820543"
"resnet18","balanced_accuracy","baseline","5","0.6957020757020758","0.017540267956011796","0.6739229564622488","0.7174811949419028"
"resnet18","balanced_accuracy","flow","5","0.7083028083028083","0.01048355943036183","0.6952857499850985","0.7213198666205182"
"resnet18","macro_auc_ovr","ArSDM","5","0.8901322751322752","0.013929539227811436","0.8728364677615347","0.9074280825030158"
"resnet18","macro_auc_ovr","Controlnet","5","0.889861687695021","0.019062397660441783","0.8661925948006068","0.9135307805894353"
"resnet18","macro_auc_ovr","DFMGAN","5","0.8779077239632794","0.008670446877633025","0.8671419422269843","0.8886735056995746"
"resnet18","macro_auc_ovr","Derm-T2IM","5","0.8877833627278072","0.014738884016085304","0.8694826210713331","0.9060841043842813"
"resnet18","macro_auc_ovr","DreamBooth","5","0.8440650522317188","0.04235749223237604","0.7914712790725817","0.8966588253908558"
"resnet18","macro_auc_ovr","LesionGen","5","0.8780851761407318","0.015112848127051118","0.8593200967110511","0.8968502555704124"
"resnet18","macro_auc_ovr","Siamese","5","0.8699277348166238","0.003989660055998221","0.8649739175600192","0.8748815520732284"
"resnet18","macro_auc_ovr","T2I-Adapter","5","0.8888338760005426","0.00826859473402593","0.8785670596035654","0.8991006923975199"
"resnet18","macro_auc_ovr","baseline","5","0.8866659204992539","0.005487821375679069","0.8798518902685001","0.8934799507300076"
"resnet18","macro_auc_ovr","flow","5","0.883592389092389","0.007754291148934414","0.873964164941167","0.893220613243611"
"resnet18","macro_f1","ArSDM","5","0.7270927006991277","0.02203074883702412","0.6997379130147253","0.75444748838353"
"resnet18","macro_f1","Controlnet","5","0.7024301525836133","0.033961293971189924","0.6602616365271722","0.7445986686400544"
"resnet18","macro_f1","DFMGAN","5","0.6910750566942369","0.02976004832389838","0.6541230761056479","0.7280270372828258"
"resnet18","macro_f1","Derm-T2IM","5","0.7240296483274233","0.04507937445993167","0.6680562119989798","0.7800030846558669"
"resnet18","macro_f1","DreamBooth","5","0.6665355215135819","0.042386488913964786","0.6139057442188487","0.719165298808315"
"resnet18","macro_f1","LesionGen","5","0.7060629507558007","0.049588241822078084","0.644491016151104","0.7676348853604974"
"resnet18","macro_f1","Siamese","5","0.6837567374223102","0.00779807009834281","0.6740741545257287","0.6934393203188918"
"resnet18","macro_f1","T2I-Adapter","5","0.6936384193430714","0.004121493785618461","0.6885209088906483","0.6987559297954944"
"resnet18","macro_f1","baseline","5","0.7068429696453442","0.02308761877633515","0.6781759046065156","0.7355100346841729"
"resnet18","macro_f1","flow","5","0.72839383114559","0.016841235287062023","0.7074826756043662","0.7493049866868138"
"resnet18","macro_precision","ArSDM","5","0.7700279346926349","0.026351864294257933","0.7373077735129034","0.8027480958723663"
"resnet18","macro_precision","Controlnet","5","0.749661904600463","0.040042497091022804","0.699942577564361","0.799381231636565"
"resnet18","macro_precision","DFMGAN","5","0.725747054288437","0.03643499891696944","0.6805070278586428","0.7709870807182312"
"resnet18","macro_precision","Derm-T2IM","5","0.765031667788364","0.050227585265972485","0.702665883446896","0.827397452129832"
"resnet18","macro_precision","DreamBooth","5","0.6959428739643773","0.046091339134841404","0.6387129175316444","0.7531728303971101"
"resnet18","macro_precision","LesionGen","5","0.7522346030921179","0.038128371139363175","0.7048919773382191","0.7995772288460167"
"resnet18","macro_precision","Siamese","5","0.7069395921256127","0.011456365151502761","0.6927146359667156","0.7211645482845099"
"resnet18","macro_precision","T2I-Adapter","5","0.7474667867391217","0.008872940327062212","0.7364495761767982","0.7584839973014452"
"resnet18","macro_precision","baseline","5","0.7573682465663644","0.031050468335354325","0.7188139979069889","0.7959224952257399"
"resnet18","macro_precision","flow","5","0.7757172329836342","0.0368951740227594","0.729905823692111","0.8215286422751573"
"resnet18","macro_recall","ArSDM","5","0.7101831501831501","0.027198415432242877","0.6764118569327444","0.7439544434335559"
"resnet18","macro_recall","Controlnet","5","0.6869352869352869","0.030723894347631564","0.6487865334392167","0.7250840404313572"
"resnet18","macro_recall","DFMGAN","5","0.6825641025641025","0.028149229185439793","0.6476122181073551","0.7175159870208498"
"resnet18","macro_recall","Derm-T2IM","5","0.7051282051282051","0.0426370759178988","0.6521872829722694","0.7580691272841408"
"resnet18","macro_recall","DreamBooth","5","0.6552625152625152","0.038729573630576525","0.6071733980196464","0.703351632505384"
"resnet18","macro_recall","LesionGen","5","0.6915018315018314","0.046122551425526875","0.6342331198914529","0.7487705431122099"
"resnet18","macro_recall","Siamese","5","0.6735531135531134","0.007622510249141451","0.6640885170008153","0.6830177101054116"
"resnet18","macro_recall","T2I-Adapter","5","0.6799023199023198","0.003769909239944251","0.6752213593225852","0.6845832804820543"
"resnet18","macro_recall","baseline","5","0.6957020757020758","0.017540267956011796","0.6739229564622488","0.7174811949419028"
"resnet18","macro_recall","flow","5","0.7083028083028083","0.01048355943036183","0.6952857499850985","0.7213198666205182"
"resnet50","accuracy","ArSDM","5","0.7973333333333332","0.013824294235551812","0.7801682048804727","0.8144984617861938"
"resnet50","accuracy","Controlnet","5","0.8133333333333332","0.009428090415820616","0.8016268128921988","0.8250398537744676"
"resnet50","accuracy","DFMGAN","5","0.8106666666666668","0.01920648038785058","0.786818671436866","0.8345146618964675"
"resnet50","accuracy","Derm-T2IM","5","0.8","0.012472191289246462","0.7845137290974321","0.815486270902568"
"resnet50","accuracy","DreamBooth","5","0.752","0.019663841605003507","0.7275841158126858","0.7764158841873142"
"resnet50","accuracy","LesionGen","5","0.8160000000000001","0.0036514837167010697","0.811466084128945","0.8205339158710551"
"resnet50","accuracy","Siamese","5","0.7933333333333333","0.008164965809277266","0.7831951892413891","0.8034714774252776"
"resnet50","accuracy","T2I-Adapter","5","0.8146666666666667","0.007302967433402202","0.8055988349245565","0.8237344984087768"
"resnet50","accuracy","baseline","5","0.836","0.015347819244295123","0.8169431653934198","0.8550568346065801"
"resnet50","accuracy","flow","5","0.8213333333333332","0.018499249234015455","0.7983634815656576","0.8443031851010089"
"resnet50","balanced_accuracy","ArSDM","5","0.7417826617826618","0.019263862836654804","0.7178634168320521","0.7657019067332715"
"resnet50","balanced_accuracy","Controlnet","5","0.7527716727716728","0.01483966125701226","0.7343457996433014","0.7711975459000442"
"resnet50","balanced_accuracy","DFMGAN","5","0.7558974358974359","0.024243470436555243","0.7257951914648478","0.7859996803300239"
"resnet50","balanced_accuracy","Derm-T2IM","5","0.7346520146520147","0.026928738340296784","0.7012155697378187","0.7680884595662106"
"resnet50","balanced_accuracy","DreamBooth","5","0.6896703296703297","0.03075912677872726","0.6514778293329987","0.7278628300076607"
"resnet50","balanced_accuracy","LesionGen","5","0.7573137973137973","0.007044129487911939","0.7485673553299715","0.7660602392976231"
"resnet50","balanced_accuracy","Siamese","5","0.7397557997557997","0.010821060893165736","0.7263196780223852","0.7531919214892143"
"resnet50","balanced_accuracy","T2I-Adapter","5","0.7442490842490843","0.01198871496810348","0.7293631284884636","0.759135040009705"
"resnet50","balanced_accuracy","baseline","5","0.78","0.02432021728443946","0.7498024617694186","0.8101975382305815"
"resnet50","balanced_accuracy","flow","5","0.7679609279609279","0.02768774740485298","0.7335820488169621","0.8023398071048936"
"resnet50","macro_auc_ovr","ArSDM","5","0.9054844435399991","0.00444332801969442","0.8999673231057346","0.9110015639742637"
"resnet50","macro_auc_ovr","Controlnet","5","0.9162634649301316","0.009617575487865335","0.9043216676968422","0.9282052621634209"
"resnet50","macro_auc_ovr","DFMGAN","5","0.9212805137249582","0.010042322572491214","0.9088113233283468","0.9337497041215697"
"resnet50","macro_auc_ovr","Derm-T2IM","5","0.9031578483245151","0.007934942580113995","0.8933053157949734","0.9130103808540567"
"resnet50","macro_auc_ovr","DreamBooth","5","0.8840351603129382","0.013250671808351846","0.867582278176494","0.9004880424493823"
"resnet50","macro_auc_ovr","LesionGen","5","0.9080119386786054","0.0045820452433525055","0.9023225780617938","0.913701299295417"
"resnet50","macro_auc_ovr","Siamese","5","0.8978884592773483","0.005934555535292296","0.890519735323835","0.9052571832308616"
"resnet50","macro_auc_ovr","T2I-Adapter","5","0.9315331931443044","0.007087630713846239","0.9227327372543582","0.9403336490342505"
"resnet50","macro_auc_ovr","baseline","5","0.9255908063130285","0.007634275614725346","0.9161116011298591","0.9350700114961978"
"resnet50","macro_auc_ovr","flow","5","0.924974517252295","0.010223849437053727","0.9122799314832495","0.9376691030213404"
"resnet50","macro_f1","ArSDM","5","0.7520381392599774","0.019950859388754186","0.7272658754237358","0.7768104030962191"
"resnet50","macro_f1","Controlnet","5","0.7686203986570154","0.011501215892786144","0.7543397529473739","0.7829010443666569"
"resnet50","macro_f1","DFMGAN","5","0.7728828906136654","0.024484525226595544","0.7424813371266898","0.803284444100641"
"resnet50","macro_f1","Derm-T2IM","5","0.7458413119466245","0.02562351491698999","0.7140255159667609","0.7776571079264881"
"resnet50","macro_f1","DreamBooth","5","0.7019353480484454","0.028999310891104656","0.6659279477422423","0.7379427483546485"
"resnet50","macro_f1","LesionGen","5","0.7720653663114315","0.004944883565707567","0.765925482412583","0.7782052502102801"
"resnet50","macro_f1","Siamese","5","0.7496586719871153","0.013012516380500746","0.7335014988714108","0.7658158451028199"
"resnet50","macro_f1","T2I-Adapter","5","0.7620500077356488","0.014567007812561927","0.7439626785732376","0.78013733689806"
"resnet50","macro_f1","baseline","5","0.7937495611796568","0.023576911815948554","0.7644749585889685","0.823024163770345"
"resnet50","macro_f1","flow","5","0.7767475807223791","0.02749696302709504","0.7426055916716952","0.8108895697730631"
"resnet50","macro_precision","ArSDM","5","0.7777582982373951","0.0203073225895661","0.7525434268780208","0.8029731695967693"
"resnet50","macro_precision","Controlnet","5","0.8083891621916731","0.008655882640431836","0.797641464344372","0.8191368600389742"
"resnet50","macro_precision","DFMGAN","5","0.8126814045254189","0.024871078149726406","0.7817998821903913","0.8435629268604465"
"resnet50","macro_precision","Derm-T2IM","5","0.7903190947421537","0.03487446904873426","0.7470167220678687","0.8336214674164386"
"resnet50","macro_precision","DreamBooth","5","0.7265497427348839","0.019502440654580993","0.7023342642969852","0.7507652211727827"
"resnet50","macro_precision","LesionGen","5","0.8048858386681672","0.0065546079293814195","0.7967472179799133","0.8130244593564211"
"resnet50","macro_precision","Siamese","5","0.7691112512729262","0.0231315810356249","0.7403895998794578","0.7978329026663946"
"resnet50","macro_precision","T2I-Adapter","5","0.8226968344957687","0.022154117894471373","0.7951888638942417","0.8502048050972957"
"resnet50","macro_precision","baseline","5","0.8245769768530351","0.016184727668159836","0.8044809831867487","0.8446729705193216"
"resnet50","macro_precision","flow","5","0.8047991999457199","0.02341328109483102","0.7757277717304434","0.8338706281609964"
"resnet50","macro_recall","ArSDM","5","0.7417826617826618","0.019263862836654804","0.7178634168320521","0.7657019067332715"
"resnet50","macro_recall","Controlnet","5","0.7527716727716728","0.01483966125701226","0.7343457996433014","0.7711975459000442"
"resnet50","macro_recall","DFMGAN","5","0.7558974358974359","0.024243470436555243","0.7257951914648478","0.7859996803300239"
"resnet50","macro_recall","Derm-T2IM","5","0.7346520146520147","0.026928738340296784","0.7012155697378187","0.7680884595662106"
"resnet50","macro_recall","DreamBooth","5","0.6896703296703297","0.03075912677872726","0.6514778293329987","0.7278628300076607"
"resnet50","macro_recall","LesionGen","5","0.7573137973137973","0.007044129487911939","0.7485673553299715","0.7660602392976231"
"resnet50","macro_recall","Siamese","5","0.7397557997557997","0.010821060893165736","0.7263196780223852","0.7531919214892143"
"resnet50","macro_recall","T2I-Adapter","5","0.7442490842490843","0.01198871496810348","0.7293631284884636","0.759135040009705"
"resnet50","macro_recall","baseline","5","0.78","0.02432021728443946","0.7498024617694186","0.8101975382305815"
"resnet50","macro_recall","flow","5","0.7679609279609279","0.02768774740485298","0.7335820488169621","0.8023398071048936"
